artist,title,genre,url,region,score,sp_popularity,sp_date,sp_img,sp_album_id,sp_artist_id
URA,Blue,electronic,https://naffrecordings.bandcamp.com/album/blue,montreal,68.733,49,2020-05-15T00:00.000Z,https://i.scdn.co/image/ab67616d00001e02086773664cd6281240fd81ec,5DugN9zEueXLERusn1MGzZ,1fGlKY2s0o51QUA9gScpWR
Lethargy,Lethargy,experimental,https://meanmrjarvis.bandcamp.com/album/lethargy,ontario,68.267,66,2020-04-29T00:00.000Z,https://i.scdn.co/image/ab67616d00001e023c7b8d2a591a001ee5b53688,0w1w3HOX9d8QAwZgvqn8qP,59FRAcMcsHQupc8lupy5uH
The Real McKenzies,Beer & Loathing,punk,https://therealmckenzies.bandcamp.com/album/beer-loathing,vancouver,64.467,53,2020-05-05T00:00.000Z,https://i.scdn.co/image/ab67616d00001e028e1ae09009ae616bf3f9975c,5U73a67yqweczKp7Qe0auw,1YczG6BNjM9XAnw64RqnXi
No Fun,No Fun,punk,https://nofun-neonblitz.bandcamp.com/album/no-fun,manitoba,63.733,64,2020-04-24T00:00.000Z,https://i.scdn.co/image/ab67616d00001e029d23f95a5f0d4882d070c2dc,6JHSBi3YO1kAv7m1nE5w0y,0YhUSm86okLWldQVwJkLlP
PUP,Anaphylaxis,rock,https://puptheband.bandcamp.com/album/anaphylaxis,toronto,62.733,59,2020-04-27T00:00.000Z,https://i.scdn.co/image/ab67616d00001e02f60f3856b4a741ee335a7094,5SH4FPOyMUYOgfNSjvD2Kf,6A7uqgC2N1nUhrCLAytHxN
Jaguar Sun,Those Days,alternative,https://jaguarsun.bandcamp.com/album/those-days,ontario,62.133,38,2020-05-15T00:00.000Z,https://i.scdn.co/image/ab67616d00001e022c90a3361e6dd4a81632114e,2BX3Cz7YmmAFsDaZHXNfSZ,4WQwU51LUtrVrw0K8BMpAC
Austra,HiRUDiN,alternative,https://austramusic.bandcamp.com/album/hirudin,toronto,61.2,52,2020-05-01T00:00.000Z,https://i.scdn.co/image/ab67616d00001e02cfc2352d0739633c24dd3cf8,70dAWY6KDpSriewnxFngXt,1o43SzzuLoyOxqThmp7s0g
David Myles,Leave Tonight,pop,https://davidmyles.bandcamp.com/album/leave-tonight,novascotia,61.067,44,2020-05-08T00:00.000Z,https://i.scdn.co/image/ab67616d00001e027251cd1f2598e7be5ea88607,2CxYp6X6TmO7QcK0qo2FTo,0C52ChHxEwG9E6Mi7Kmlkf
The Dears,Lovers Rock,rock,https://thedears.bandcamp.com/album/lovers-rock,montreal,60.933,36,2020-05-15T00:00.000Z,https://i.scdn.co/image/ab67616d00001e02563890d5af9bbe3892000483,0CGpYxkiGUmxhIUv0bU4yK,2qljmykdCfgGy9zUw7UqkX
Charlie Dreaming,Meditation [Spirit Cleanse],ambient,https://driftlabel.bandcamp.com/album/meditation-spirit-cleanse,calgary,60.6,51,2020-05-01T00:00.000Z,https://i.scdn.co/image/ab67616d00001e02f43de88d2d5b94452f970216,1aVkN4wiMMJ9zR7mQGlShL,2RK3yBP8NFH1CLOEj0BIAM
747,Aurora Centralis - The Remixes,electronic,https://aquaregiarec.bandcamp.com/album/aurora-centralis-the-remixes,toronto,57.933,31,2020-05-15T00:00.000Z,https://i.scdn.co/image/ab67616d00001e020606c4628efc03f1b0bf4f91,2XREeaNB6anDOCI0nOlKhn,4XdrSXGCK9KeWzLbz5Qqhl
v e n n,true colors,ambient,https://driftlabel.bandcamp.com/album/true-colors,calgary,57.333,30,2020-05-15T00:00.000Z,https://i.scdn.co/image/ab67616d00001e023135bdba71fe8a2dba0cd1e9,2HipmxhA1VnF5NUipQ5XKa,7K80bdPzdWRFqAHBfk1cPi
Moka Only,It Can Do,hip-hop/rap,https://mokaonly.bandcamp.com/album/it-can-do,vancouver,56.867,37,2020-05-08T00:00.000Z,https://i.scdn.co/image/ab67616d00001e0244fbffec35a075aef5ef450b,6LZNLkuJ83ucq0gBbrvwj5,7G9ZUoEjbi5Z2bR5w60S0h
Jimmy Hunt,Le silence,rock,https://jimmyhunt.bandcamp.com/album/le-silence,montreal,56.733,29,2020-05-15T00:00.000Z,https://i.scdn.co/image/ab67616d00001e029d9f1400e066bf11eab91135,08F9Dx0vP7GStarwElQkGF,307URZG4lV6wvjKYmj86w2
Catherine Major,Carte mère,alternative,https://catherinemajor.bandcamp.com/album/carte-m-re,quebec,56.133,28,2020-05-15T00:00.000Z,https://i.scdn.co/image/ab67616d00001e025903ec1cf9e69beb51c534b5,2ueD8WvRuRVwRTz18qbhzA,7FCNIhja91XHhr3eMzODeh
Evan King,Milkman Karlson Theme,electronic,https://evanking.bandcamp.com/album/milkman-karlson-theme,vancouver,55.267,31,2020-05-11T00:00.000Z,https://i.scdn.co/image/ab67616d00001e02ea826306a3c6b2131475cf70,7hxRmyOXutUM5SNzFBXhCE,624K67YS4jyFN9LQQjrtaE
Dokkodo Sounds,Mt. Kita,,https://inneroceanrecords.bandcamp.com/album/mt-kita,calgary,54.467,33,2020-05-08T00:00.000Z,https://i.scdn.co/image/ab67616d00001e0297f77706e92bab93735315b1,6LEAAJjaQDPzSxwy6pKHTs,2mNcyUGwbsOjIkhzMv7aHo
tkdwn.,loopdreams.,hip-hop/rap,https://tkdwn.bandcamp.com/album/loopdreams,edmonton,53.8,23,2020-05-16T00:00.000Z,https://i.scdn.co/image/ab67616d00001e02dd1791da001c6db51a2a4e27,4b15Opr1wXRtozGiolOaoJ,6nA0Sn4wDqpmdc5b6gcOtj
Mara Tremblay,Uniquement pour toi,pop,https://maratremblay.bandcamp.com/album/uniquement-pour-toi-2,montreal,53.267,31,2020-05-08T00:00.000Z,https://i.scdn.co/image/ab67616d00001e025711b4e8e2c177a0379199fa,19qPYWRkj6FUpbhhoYhJcH,1tt3YXVP4AltaStku4rpf3
"Le Matos, L'Amour",Join Us Remixes Part 1,electronic,https://lematos.bandcamp.com/album/join-us-remixes-part-1,montreal,52.933,46,2020-04-24T00:00.000Z,https://i.scdn.co/image/ab67616d00001e02e5c6c4660a833f7e1d184d9a,29HsCmJPudEX5pu6wb2oNT,5nrAu9uBcj8NcdZHo09qG9
Lido Pimienta,Miss Colombia,alternative,https://lidopimienta.bandcamp.com/album/miss-colombia,toronto,51.867,52,2020-04-17T00:00.000Z,https://i.scdn.co/image/ab67616d00001e02802fedd4354077a836e6a3e2,6H6MZ54B5FLBLXXxWGEl7y,1IdkKQ9CM1i0wygfxYV4Z3
The Lost Fingers,VS. 1,jazz,https://thelostfingers.bandcamp.com/album/vs-1,quebec,51.6,36,2020-05-01T00:00.000Z,https://i.scdn.co/image/ab67616d00001e02632f9a5172b0181a1f725c75,6hdmEnZXtSgCKcHQmrEYaP,6sp0EZC05wbJUlY1h8oOUc
Andrea Cormier,Creatures of Illusion,folk,https://andreacormier.bandcamp.com/album/creatures-of-illusion,montreal,51.467,28,2020-05-08T00:00.000Z,https://i.scdn.co/image/ab67616d00001e02d6df61a69031fb857e70a021,5evKIfqd2VPgm51bppVzly,289n75xwCPSyBNwuleNU3S
The Royal Foundry,Okay?,alternative,https://theroyalfoundry.bandcamp.com/album/okay,alberta,51.467,28,2020-05-08T00:00.000Z,https://i.scdn.co/image/ab67616d00001e028e6ef801ff329715db5b7947,1BOETUQcWGXyZ7sfXYkVWt,7w7g3NoDd7yITLuPp8kmfg
JAGGUAR,Variety Pack,alternative,https://jagguar.bandcamp.com/album/variety-pack,ontario,51.333,20,2020-05-15T00:00.000Z,https://i.scdn.co/image/ab67616d00001e02c6479def6a626ee94908341a,6z9TIzzlzRAtEZymKIeEWW,5SuTZQIfFe0gtEyVojQ0vF
Roam,The Wraith,electronic,https://roamgarage.bandcamp.com/album/the-wraith,toronto,50.8,18,2020-05-16T00:00.000Z,https://i.scdn.co/image/ab67616d00001e0288c74d53a5cc2783c6a6f4e7,0cghMogT3KMj996ymvF5fT,4222QArvtxWsw0fVPHEK3U
Patrick Holland,Simstim,electronic,https://patrickholland.bandcamp.com/album/simstim,montreal,48.6,31,2020-05-01T00:00.000Z,https://i.scdn.co/image/ab67616d00001e024913502a807323819267edb9,0uOxANl2JBV4hDGY70rrXh,0dns940bo2pILe1Flk0WH3
GAGNER,GAGNER,experimental,https://meanmrjarvis.bandcamp.com/album/gagner,ontario,48.4,54,2020-04-10T00:00.000Z,https://i.scdn.co/image/ab67616d00001e023a727b326fe7d6ec4475692c,6n42LL9SkpyhG8ICt3bDTr,0lCzbSVa8RZoPsuDM9YBJS
Die Scum Inc.,Flight of the Infinite,electronic,https://diescuminc.bandcamp.com/album/flight-of-the-infinite,calgary,48.333,15,2020-05-15T00:00.000Z,https://i.scdn.co/image/ab67616d00001e02438cb0010b84cebf480382ad,0X9JmtPqih1Jj3e1iG9IP8,0U87EzljNwDEAwhMHoUA3j
Ryan Hemsworth,New Life / Sun Up,electronic,https://ryanhemsworth.bandcamp.com/album/new-life-sun-up,novascotia,48.133,48,2020-04-15T00:00.000Z,https://i.scdn.co/image/ab67616d00001e0263f9b54823874cdeeb3bc405,7nGjmiJwyC5k6blQEmHFSN,2CgysNw5B7rFNRtRjQbPZ9
Black Dresses,Peaceful as Hell,electronic,https://blackdresses.bandcamp.com/album/peaceful-as-hell,toronto,48.0,50,2020-04-13T00:00.000Z,https://i.scdn.co/image/ab67616d00001e02387112a76ede40ce864b540d,6xf8VTV1vcs2VAVLg4nMLG,7FFwJQ58hAy7PMo4lUBW96
Garneau,CDMUSIC001,electronic,https://clubdesigns.bandcamp.com/album/cdmusic001,vancouver,46.533,12,2020-05-15T00:00.000Z,https://i.scdn.co/image/ab67616d00001e029c5308fa2330faa2cddde8eb,44EerkKcVDP7EbjYD6bTB1,2auOV5mY2iK1cJ4XmHXynL
Noble Son,Life Isn't Fun,alternative,https://noblesonmusic.bandcamp.com/album/life-isnt-fun,britishcolumbia,46.533,12,2020-05-15T00:00.000Z,https://i.scdn.co/image/ab67616d00001e020cf829e0af7494ae047b3007,2ChSHgWvgvRaLy54p21Swn,7MZIDz9tE0iPbZHmA1XaJ8
The Pack a.d.,It was fun while it lasted,rock,https://thepackad.bandcamp.com/album/it-was-fun-while-it-lasted,vancouver,46.467,43,2020-04-17T00:00.000Z,https://i.scdn.co/image/ab67616d00001e0234e6e13888f150faf08d83d4,1AXmSHA1ltK7gYTcR00zXx,2gbOUPIhea9nrCmAeZBgpo
SOMMM,SOMMM,pop,https://sommmtl.bandcamp.com/album/sommm,montreal,46.333,35,2020-04-24T00:00.000Z,https://i.scdn.co/image/ab67616d00001e026887530b64f828aa5cdecec5,6UjeRzt9IrRyKjTQ5Yzm5T,6aBv406Ngmj6qcIDyKgnj7
TOPS,I Feel Alive,pop,https://tops.bandcamp.com/album/i-feel-alive,montreal,46.133,58,2020-04-03T00:00.000Z,https://i.scdn.co/image/ab67616d00001e024748163fe5bc80b8b317d939,0aFqZJGOa5R2wETNRQPW8m,2SdK1QDmZIP2hk94rSaLl9
Meryem Saci,All in,pop,https://meryemsaci.bandcamp.com/album/all-in,montreal,45.467,18,2020-05-08T00:00.000Z,https://i.scdn.co/image/ab67616d00001e0230bea6bf54a0dc29ede22345,6LuLQtaaQyt2UOzQzl0t8a,5B3Wm59hYt0VbwypxsVkQE
Merival,Either Side,folk,https://merival.bandcamp.com/album/either-side,toronto,45.133,33,2020-04-24T00:00.000Z,https://i.scdn.co/image/ab67616d00001e02b37c2d53c184b206b88e1791,1B30WM2bvfhUrF9wz6kU6X,1kCQYFPjvDy6ARPdGi3dby
Acidulé,Retro Sessions,electronic,https://rossocorsarecords.bandcamp.com/album/retro-sessions,victoria,45.067,14,2020-05-11T00:00.000Z,https://i.scdn.co/image/ab67616d00001e025b8b3186dad6aabc71f23e85,3rM35wxObUVqde7bszXcDc,7KLdBDe6T5awJVvGtaHrFB
Priori,Infinity,electronic,https://prioricamp.bandcamp.com/album/infinity,montreal,45.0,25,2020-05-01T00:00.000Z,https://i.scdn.co/image/ab67616d00001e026fc7e6a5cb0fa7a45a33522f,6FUEw8IY15Yt2qochHWdf8,76UMzIcqhjgf2Xr8gPdKO1
Pantayo,Pantayo,world,https://pantayo.bandcamp.com/album/pantayo,toronto,44.867,17,2020-05-08T00:00.000Z,https://i.scdn.co/image/ab67616d00001e02bcd4ff0d1320e865097a4919,5cUX8CjpI5xkWueaZ48xNU,2ATrgv09GwvOLKznG3vJUC
Joe Nolan,Drifters,alternative,https://joenolan1.bandcamp.com/album/drifters,edmonton,44.867,17,2020-05-08T00:00.000Z,https://i.scdn.co/image/ab67616d00001e02310457e5edfedd4c8bd2a286,6nj86QaLXQusZaPgtodLxg,7ajETDkOUrymjKQQIUDKUo
Nayka,Aller simple,hip-hop/rap,https://nayka.bandcamp.com/album/aller-simple,quebec,44.867,17,2020-05-08T00:00.000Z,https://i.scdn.co/image/ab67616d00001e0290684cffefd157d4bf7b2935,3FCLIVb9licopNfwsGYqup,1S6Kgpk49RA6FjED9f6lCb
Sunny Day Encore,Serotonin,alternative,https://sunnydayencore.bandcamp.com/album/serotonin,saskatchewan,44.533,32,2020-04-24T00:00.000Z,https://i.scdn.co/image/ab67616d00001e0221cc4fe7f0186d3cc100c026,5KdBeLxCteGYqeQsG91cE3,2ra1pz0SOJsztoxmvlbKVe
Aquakultre,Legacy,r&b/soul,https://aquakultre.bandcamp.com/album/legacy-2,novascotia,44.267,16,2020-05-08T00:00.000Z,https://i.scdn.co/image/ab67616d00001e02b81756f7c75209b35115cf1e,1OwVdMX9GhdGItwtKP1E1K,38Lr1bGvJiIU0UKntaJJus
Long Time No Time,Big Time (Live at the National Music Centre),funk,https://longtimenotime.bandcamp.com/album/big-time-live-at-the-national-music-centre,calgary,43.533,7,2020-05-15T00:00.000Z,https://i.scdn.co/image/ab67616d00001e027e8f56ae1a217e1eefebc47d,5txE8cf231S2ty6I53Zdl3,5hbggnZGRv0poUQUFUHT3g
Reno McCarthy,Angels Watching Us Dance,alternative,https://renomccarthy.bandcamp.com/album/angels-watching-us-dance,quebec,43.533,7,2020-05-15T00:00.000Z,https://i.scdn.co/image/ab67616d00001e0271702c27ba03d3a9f0cc419b,33AxVg7Mc8OBrukhOaB3m5,1JdFzT3HVVdNNvpdIyfOPS
Lord Phobos,Phobos II,electronic,https://lordphobos.bandcamp.com/album/phobos-ii,toronto,42.733,29,2020-04-24T00:00.000Z,https://i.scdn.co/image/ab67616d00001e020722b44b466ac0a9028d3776,6QabY5xXzGMUykHC2c48ff,7sfqlIbynVxN4Xwxr8ZkAW
Rory Taillon,Drifting,alternative,https://rorytaillon.bandcamp.com/album/drifting,ottawa,42.4,4,2020-05-16T00:00.000Z,https://i.scdn.co/image/ab67616d00001e026ff343b49e2903173b53cc2d,2dOMkNfSC5VeabqFuBzNhD,6oQjB1aCEXR7pLYQznS1c9
Gypsy Kumbia Orchestra,VelkomBak,world,https://gypsykumbia.bandcamp.com/album/velkombak,montreal,42.333,5,2020-05-15T00:00.000Z,https://i.scdn.co/image/ab67616d00001e0224dec398cadbcf49e5da8673,6MqMforenADNAPiREpsR3j,2etChfCHaNA4T2lY6jaS6m
Atomik Circus,"Urban Beatz, Vol. 2",electronic,https://atomikcircus.bandcamp.com/album/urban-beatz-vol-2,calgary,42.333,5,2020-05-15T00:00.000Z,https://i.scdn.co/image/ab67616d00001e021680d9f8524a5568bbdb8cd3,6PRcSyBQgZifzM2E1sJAKa,23SHrE5UDgvEomWnrjhZBM
HAYCORN,Crystal Clear,pop,https://haycorn.bandcamp.com/album/crystal-clear,quebec,42.267,6,2020-05-14T00:00.000Z,https://i.scdn.co/image/ab67616d00001e020256d46e0745a14ecf95519c,6DXax5FYw0VWvZXsWLDcUi,1GNOvE62LymhxPrl8EB6Vh
Les Costauds,La bombe atomique,rock,https://lescostauds.bandcamp.com/album/la-bombe-atomique,quebec,42.267,6,2020-05-14T00:00.000Z,https://i.scdn.co/image/ab67616d00001e021d24ee4f7273daa335d9972f,0DTPzCImAPNxVkyiVtNpzA,2fihc0rLEu3Wq3dn5k9dNN
Bongani,Weave,electronic,https://techgnosisrecords.bandcamp.com/album/weave,newbrunswick,42.133,8,2020-05-12T00:00.000Z,https://i.scdn.co/image/ab67616d00001e026c44b7a59bac7c1eb2d6a466,6YIS9pnyuxFTSroMb8mST9,1sSqm7AALxtRhdkv4NlpsK
Red Moon Road,Nonsuch Sessions,pop,https://redmoonroad.bandcamp.com/album/nonsuch-sessions,manitoba,41.867,12,2020-05-08T00:00.000Z,https://i.scdn.co/image/ab67616d00001e02929aaa3d570c6cb7e479e5cc,3GRuOlNDsw3r5m3jz72egu,0TQn43t6JE5Rw8CqRw7Eom
Slow Spirit,Nowhere No One Knows Where To Find You,alternative,https://slowspirit.bandcamp.com/album/nowhere-no-one-knows-where-to-find-you,manitoba,41.867,12,2020-05-08T00:00.000Z,https://i.scdn.co/image/ab67616d00001e02f54565202c868c929dcb552c,63ZztBiNvfxvlWXq8oJ5Dc,1XXmzkHxHi4nV4Q5vzjjYW
James Irwin,Stars Blue Wheel,folk,https://saysjamesirwin.bandcamp.com/album/stars-blue-wheel,toronto,41.733,4,2020-05-15T00:00.000Z,https://i.scdn.co/image/ab67616d00001e02de9e2c233414a21dbbc7b474,5fo2BtzQN8cLHraLOHFzPN,4aL56VQ8IB86xLwGOjL9qP
Bruce Peninsula,No Earthly Sound,folk,https://brucepeninsula.bandcamp.com/album/no-earthly-sound,toronto,41.667,35,2020-04-17T00:00.000Z,https://i.scdn.co/image/ab67616d00001e0295630956c52b904b21f99af6,5eVVVY0zVykT1hePDZFVMI,2Iua0nuwiUuEpXR4qOS4xe
Infected Mushroom,More than Just a Name,electronic,https://music.monstercat.com/album/more-than-just-a-name,vancouver,41.2,62,2020-03-23T00:00.000Z,https://i.scdn.co/image/ab67616d00001e02a1148567f1d1a5511ac428c7,0qC9Antm7utFRq3B04K0l4,6S2tas4z6DyIklBajDqJxI
Blume,Take Your Time,alternative,https://blumeband.bandcamp.com/album/take-your-time,edmonton,40.667,10,2020-05-08T00:00.000Z,https://i.scdn.co/image/ab67616d00001e02fb5f4ee6c42a479138ef9177,5ZWTR61UBdhx5HTpowJ6ni,59G3CXlG62bVHdNqOfnKDq
Empty Nesters,Homebody,alternative,https://emptynesters.bandcamp.com/album/homebody,quebec,40.6,1,2020-05-16T00:00.000Z,https://i.scdn.co/image/ab67616d00001e02b82694dd45c86e09acfa6aa7,5ETGXACZg9yakG1nXxcPkR,02haJnXQhxtDcw7bVi2zBA
Shrouded Amps,Make Me Strange,rock,https://shroudedamps.bandcamp.com/album/make-me-strange,vancouver,40.533,12,2020-05-06T00:00.000Z,https://i.scdn.co/image/ab67616d00001e021818632e6961f95538e28624,6ethGyIHfzhW8QFpezu9VU,0iYGTYyCiBrjr6e9jHc8dQ
Jon Mckiel,Bobby Joe Hope,alternative,https://youvechangedrecords.bandcamp.com/album/bobby-joe-hope,toronto,40.333,25,2020-04-24T00:00.000Z,https://i.scdn.co/image/ab67616d00001e02a8a1fb0c3e7759571c15a682,5mvIH4FABTL38eZF0CaRUX,42tgL54E6Mh70eIaikDven
Cayley Thomas,How Else Can I Tell You?,alternative,https://cayleythomas.bandcamp.com/album/how-else-can-i-tell-you,edmonton,40.2,17,2020-05-01T00:00.000Z,https://i.scdn.co/image/ab67616d00001e023ba1740072698aa35210361f,3aBvYsTSyCAzGyp1buNzXz,2YN6tsEmqzCKNYV5Irgzkv
The Golden Age of Wrestling,Tombstone Piledriver,electronic,https://thegoldenageofwrestling.bandcamp.com/album/tombstone-piledriver,vancouver,40.067,9,2020-05-08T00:00.000Z,https://i.scdn.co/image/ab67616d00001e02103550e1aa8f924015ee9faf,3l94T3Puv8blhrWCQjUNEh,1oWYlDyBHWNG3jeilUrDwp
Kindest Cuts,All You Need Is Money B/W Public Hell,pop,https://kindestcuts.bandcamp.com/album/all-you-need-is-money-b-w-public-hell,montreal,39.6,6,2020-05-10T00:00.000Z,https://i.scdn.co/image/ab67616d00001e020b53c74ac046d2c695ba651f,4hVy0i5qLs5LKtuOa6S14K,01owNWG9RJnEbQr3KM6maf
Richard Inman,Faded Love Better Days,country,https://richardinmanmusic.bandcamp.com/album/faded-love-better-days,manitoba,39.6,16,2020-05-01T00:00.000Z,https://i.scdn.co/image/ab67616d00001e023dc8661bb9e919e66a4a5ffe,0AqrLPhwvEx7fTc7YB7mM7,0eha96FtThymbm5svvfopg
Émilie Landry,Arroser les fleurs,pop,https://emilielandryetresocial.bandcamp.com/album/arroser-les-fleurs,newbrunswick,39.467,8,2020-05-08T00:00.000Z,https://i.scdn.co/image/ab67616d00001e024ebaf643e786cd3f1484e159,2BYbqGUTR1MlVGx9EWcCCF,09wVe7ulMAlyVMZpKEI5ar
ExPsyle,Rain on the Piano II,soundtrack,https://expsyle.bandcamp.com/album/rain-on-the-piano-ii,britishcolumbia,39.467,18,2020-04-29T00:00.000Z,https://i.scdn.co/image/ab67616d00001e0254222ae85eda49511a38783b,7hPHXRl6PczGlq9WvqGcDD,57ghQQSMvGHclPuFilt0sK
© Linda Fox,Dance Like Nobody's Watching,pop,https://kopyrightlindafox.bandcamp.com/album/dance-like-nobodys-watching,britishcolumbia,39.467,8,2020-05-08T00:00.000Z,https://i.scdn.co/image/ab67616d00001e024c08bf73df92e74a7a7bba5f,5Dp0801M1XU3ZKOXPGYmi5,2DOGDrGDmfURr17vp3FYkJ
Fires of Cheektowaga,american thanksgiving / lethargy,alternative,https://firesofcheektowaga.bandcamp.com/album/american-thanksgiving-lethargy,toronto,39.333,0,2020-05-15T00:00.000Z,https://i.scdn.co/image/ab67616d00001e022347fe106a8536d144a54884,5oMUXplBDh3tDgc5u6uHrq,6NWK3uQtiYaxFQMbY7L9cJ
Drago Dit Dragon,A Day Outside,alternative,https://dragoditdragon.bandcamp.com/album/a-day-outside,toronto,39.333,0,2020-05-15T00:00.000Z,https://i.scdn.co/image/ab67616d00001e020ce5ddc0ffe249987b409df4,7tz3CpQMesZUzjmjWd1Kmo,5WjA9XBl5nXZngldZqmnhH
BABY BAND,How to Cope,pop,https://babyband.bandcamp.com/album/how-to-cope,toronto,39.333,0,2020-05-15T00:00.000Z,https://i.scdn.co/image/ab67616d00001e02bd65f41fc44d11ade2dbf9a3,5dvdmrcxP9MQkBtRTB5SoW,4FFC5k2zOUFxc5r8DApvba
Mike Coffen,Bond,rock,https://mikecoffen.bandcamp.com/album/bond,montreal,39.333,0,2020-05-15T00:00.000Z,https://i.scdn.co/image/ab67616d00001e02a3dab3d0cd57f2e5da7e188f,2MdO6BxKnDDtr6ABcxQlV3,3k1sjYTn3ZymRBMYKjRBCZ
old blood,Reckless Calm,rock,https://oldblood.bandcamp.com/album/reckless-calm,novascotia,39.333,0,2020-05-15T00:00.000Z,https://i.scdn.co/image/ab67616d00001e02ff25333fbb38720873b39a78,23GK6TwyWji31S0bx4CXpM,6C0v6oHT9KUUPXtvQDyFLX
Evan Dempster,Letters from the Other Side,alternative,https://evandempster.bandcamp.com/album/letters-from-the-other-side,novascotia,39.333,0,2020-05-15T00:00.000Z,https://i.scdn.co/image/ab67616d00001e02b7bcbb7205d397e1e75e3c2f,4tXP21xqk8PiZcByW5ztl5,1kKz6CUSU7fQmarJ8eGvTN
My Friend PJ,South Carolina,rock,https://myfriendpj.bandcamp.com/album/south-carolina,ottawa,39.333,0,2020-05-15T00:00.000Z,https://i.scdn.co/image/ab67616d00001e02a461a0343e9290600db55c2a,2gxIstJO9k1bSXtMm75hq4,1mGHeCSPyeuTydrd53GDlz
SEVEN SNAKES,Repossessed,rock,https://sevensnakes1.bandcamp.com/album/repossessed,ottawa,39.333,0,2020-05-15T00:00.000Z,https://i.scdn.co/image/ab67616d00001e02bd2cf5e5f5faa429381931e6,2vgw2En7Q8hR76tdpesizn,5qW0NyYpdI1WfNkveev1DX
FlynnFoil,In Arms of Fire,rock,https://flynnfoil.bandcamp.com/album/in-arms-of-fire,newbrunswick,39.333,0,2020-05-15T00:00.000Z,https://i.scdn.co/image/ab67616d00001e023190a074b9648a46a923035f,7rGxoeD5olcbPy267mN14D,3ipfR3PUiAvKd3JrYf3j0N
Swayze,St. Angry,punk,https://swayzelives.bandcamp.com/album/st-angry,saskatchewan,39.333,0,2020-05-15T00:00.000Z,https://i.scdn.co/image/ab67616d00001e0261613df9a7ea55de70f8e62f,0bWdHEtmHlxITVujmGcks6,6eah8g2CXNFkiwhalTdo8V
Doubt It,Dang It,rock,https://doubtit.bandcamp.com/album/dang-it,saskatchewan,39.333,0,2020-05-15T00:00.000Z,https://i.scdn.co/image/ab67616d00001e024e1501631b2f5a4d37586930,0gbHk07kqPFTOA8KW5BXdF,79Vza82ZVYnJIPXhxj3kSV
Cave Blood,Earth Extractions,ambient,https://caveblood.bandcamp.com/album/earth-extractions,victoria,39.333,0,2020-05-15T00:00.000Z,https://i.scdn.co/image/ab67616d00001e02e5efb1b60f71fbee86a1477a,2LzPNXotoYlv1W7VwYa3Lp,3DrJuFOC6SyFKjnevxo0uQ
Wesley Wilson and the Ghosts,A Soundtrack to falling down stairs,alternative,https://wesleywilsonandtheghosts.bandcamp.com/album/a-soundtrack-to-falling-down-stairs,calgary,39.333,0,2020-05-15T00:00.000Z,https://i.scdn.co/image/ab67616d00001e02044c9e25a0cbf5ef7998238c,1980RHGUj1S5vaW9y0GrUG,41lGJoSNtEpmFoKJf3ahkc
Mike Haggith,If Ever Comes The Day,alternative,https://mikehaggith.bandcamp.com/album/if-ever-comes-the-day,manitoba,39.333,0,2020-05-15T00:00.000Z,https://i.scdn.co/image/ab67616d00001e02c6a593692915e7afe24dc3d8,2xsQUZ3BEangonUmPryCMy,6n7woXTewKDodjIbU1AneJ
Tamir,DON'T LET YOUR FEAR KILL YOU,hip-hop/rap,https://tamir.bandcamp.com/album/dont-let-your-fear-kill-you,ontario,39.333,0,2020-05-15T00:00.000Z,https://i.scdn.co/image/ab67616d00001e02a873b98ceb31a1dc6e2fbdbd,1873XJjSIHbTqf1bZz7WI2,6IiMfiwSN3v4x3lVuxC6kH
Strange Breed,Isolation Blues,hip-hop/rap,https://ursanova1.bandcamp.com/album/isolation-blues,ontario,39.333,0,2020-05-15T00:00.000Z,https://i.scdn.co/image/ab67616d00001e029f4b5426a37af9ad6e89748f,47w0HgLXsYiXJIkPecUStv,2OM3NJLx2ZVEpDum3WKj9J
The Kaputniks,Counterintelligent,rock,https://thekaputniks.bandcamp.com/album/counterintelligent,ontario,39.333,0,2020-05-15T00:00.000Z,https://i.scdn.co/image/ab67616d00001e02cb53dbfb3070e3296c3fef39,5oaM2CDj7azciAY9KY4EOZ,7rqVpgtJMLIlJqkrTpgdzI
Quite Nice,Quite Nice by Quite Nice,pop,https://quitenice.bandcamp.com/album/quite-nice-by-quite-nice,ontario,39.333,0,2020-05-15T00:00.000Z,https://i.scdn.co/image/ab67616d00001e0293fdbcce1e293916da7b5cad,2EV4fO11eSUF0To6n8VekC,0KdmOzOklIatPBkipEc9EK
Satanic Mills,Little Lady // Tomboy,punk,https://satanicmills.bandcamp.com/album/little-lady-tomboy,ontario,39.333,0,2020-05-15T00:00.000Z,https://i.scdn.co/image/ab67616d00001e025d88be381e0b256f75336ec9,2juuT0qzdAdbPfcbOwuo9v,7Fpvi4vQ2brzcB6E6dlWgm
Greg Even,Greg Even - Bussa Skunk,electronic,https://indajunglerecordings.bandcamp.com/album/greg-even-bussa-skunk,quebec,39.333,0,2020-05-15T00:00.000Z,https://i.scdn.co/image/ab67616d00001e0234e4a2d4ceb8b87045cf2e0b,2SzvovwpeH1i052SuV1dQp,7ohOAaAzIRCz4YfCw4xDCn
People Pretend,Sounds of Kids Babbling,electronic,https://peoplepretend.bandcamp.com/album/sounds-of-kids-babbling,quebec,39.333,0,2020-05-15T00:00.000Z,https://i.scdn.co/image/ab67616d00001e02c85b409aa665e7d6100efd3b,54VInrzWSyxz1jNfF0coq6,5qv3AmYliLA5fBJdoa5ulL
Siadic,Nadir,electronic,https://siadic.bandcamp.com/album/nadir,britishcolumbia,39.333,0,2020-05-15T00:00.000Z,https://i.scdn.co/image/ab67616d00001e022c021e6862715e9de0537620,1Pc5P8RghpaChbViUwbhyh,1Rb1xyWKbDkIvVHwy0xG4u
Allister Thompson,Goodnight from Horizon Rock,alternative,https://thegatelessgate.bandcamp.com/album/goodnight-from-horizon-rock,ontario,39.267,1,2020-05-14T00:00.000Z,https://i.scdn.co/image/ab67616d00001e02c87a196748a8d9742a60fad9,6nwcqn18AIGVYm5zaJeU3D,7oKjC7JCBa5JspkGFjcyW8
Alex Rand,Alex Rand,alternative,https://alexrandband.bandcamp.com/album/alex-rand,quebec,39.267,1,2020-05-14T00:00.000Z,https://i.scdn.co/image/ab67616d00001e0267b439f8da61e58927b3b70e,1pW6rFtjjZNv96A1RE7mVs,5VcohfDZu0rqd7Gvhv3Ad3
The MOTES,Trellis I Tripod,rock,https://themotes.bandcamp.com/album/trellis-i-tripod,novascotia,39.133,23,2020-04-24T00:00.000Z,https://i.scdn.co/image/ab67616d00001e02bb442b6b8a19d4ba080b0bac,1vZCOY4RvNHCNlmkcd7iXJ,3aqTmCRdQirxPwGRwPBqRW
Factor Chandelier,First Storm,hip-hop/rap,https://factorchandelier.bandcamp.com/album/first-storm,saskatchewan,39.133,33,2020-04-15T00:00.000Z,https://i.scdn.co/image/ab67616d00001e020293e800699fb6b1b518b43a,5EntoVfCSDi6xVB5sa1L5c,68XL9b5CHwRP50KMcVGl33
Pharis & Jason Romero,Bet On Love,folk,https://pharisjasonromero.bandcamp.com/album/bet-on-love,britishcolumbia,39.133,33,2020-04-15T00:00.000Z,https://i.scdn.co/image/ab67616d00001e025aa462c449b35a582bca2a46,6L3nPgLtkuYPsTjjlboN1b,7d143d171ut6oHKSXv1ztS
The Birthday Massacre,Diamonds,alternative,https://thebirthdaymassacre.bandcamp.com/album/diamonds,toronto,39.067,54,2020-03-27T00:00.000Z,https://i.scdn.co/image/ab67616d00001e02446f8ea2591239282681260d,1VNFWHGOrDuZH70xJYmO7w,16AVsBqzmIZTNHd0eX8VbK
Margot's Notebooks,Nobody Knows Me (Better Than You),folk,https://margotsnotebooks.bandcamp.com/album/nobody-knows-me-better-than-you-2,britishcolumbia,39.067,4,2020-05-11T00:00.000Z,https://i.scdn.co/image/ab67616d00001e02a1deb88bf41d72309003d961,37tvTCsTSF2jdsT2xFgIFt,2wmqssCorWjjUum1z6U5To
RdBeats,Daydreamer,hip-hop/rap,https://chilledroommusic.bandcamp.com/album/daydreamer,britishcolumbia,38.8,8,2020-05-07T00:00.000Z,https://i.scdn.co/image/ab67616d00001e02535f8a7688a5ec244532ab11,1ZsCgHpIr6OeNYfPNvNEkd,77kFStmiMsr6uQ7w2GE5X9
Fojeba,Je t'aimerai toujours !,world,https://fojeba.bandcamp.com/album/je-taimerai-toujours-3,ontario,38.667,0,2020-05-14T00:00.000Z,https://i.scdn.co/image/ab67616d00001e025eb5d624347380f21d2e6770,6ytNfTqtakFEtnuc0m9CGk,73RhbyWVNErB4M6Wvs2i4d
Nik SG,Grey Valley,electronic,https://niksg.bandcamp.com/album/grey-valley,ontario,38.667,0,2020-05-14T00:00.000Z,https://i.scdn.co/image/ab67616d00001e0243ab91961368455d87aa7a7d,4t03gMSFjnD8Yp2AOQUNm8,28WREbje8nBLhlw9jJrtFC
Fojeba,Je t'aimerai toujours,world,https://fojeba.bandcamp.com/album/je-taimerai-toujours-2,ontario,38.667,0,2020-05-14T00:00.000Z,https://i.scdn.co/image/ab67616d00001e025eb5d624347380f21d2e6770,6ytNfTqtakFEtnuc0m9CGk,73RhbyWVNErB4M6Wvs2i4d
Banc d'Parc,Banc d'Parc,rock,https://bancdparc.bandcamp.com/album/banc-dparc,quebec,38.667,0,2020-05-14T00:00.000Z,https://i.scdn.co/image/ab67616d00001e024bcdc7cafca667e5b0fab245,5KAigLn2SWuWPIlGzeFEXK,1qLZjuF74ggyKd9MHoJNFE
SLIME DA GARBAGE MANE,IN DA CRIB MUSIC,hip-hop/rap,https://slimedagarbagemane.bandcamp.com/album/in-da-crib-music,pei,38.4,14,2020-05-01T00:00.000Z,https://i.scdn.co/image/ab67616d00001e028d98941dc36959a0472d9756,22MFY0pj6aXvoJdchBhG7e,1rLRBdT3zr0QCkcskeCoe9
Allison Crowe,Six More Songs,rock,https://allisoncrowe.bandcamp.com/album/six-more-songs,newfoundland,38.4,14,2020-05-01T00:00.000Z,https://i.scdn.co/image/ab67616d00001e02dfb4411d134aacf6e59223c7,2aSlWoz1TEO78HLUdMLKbs,6hG64BPoiQOzP30N6KU8Ue
Dead Friends,Shirley,alternative,https://deadfriendss.bandcamp.com/album/shirley,edmonton,38.4,14,2020-05-01T00:00.000Z,https://i.scdn.co/image/ab67616d00001e0220ddbb9fae51568b613258ec,0297Qe9qZXy5iDFNWNuR3R,0FnqudXSSLgWXRR5zRu8je
Absolutely Free,Two Cares Due None,world,https://absolutelyfree.bandcamp.com/album/two-cares-due-none,toronto,38.267,16,2020-04-29T00:00.000Z,https://i.scdn.co/image/ab67616d00001e0200e1ebacc669a6f8f2d1aab4,07UnkY97LOalDeIoBq5IER,5DD56TbdQI5Xe9c8YSiTj5
Monstercat,Monstercat Instinct Vol. 5,electronic,https://music.monstercat.com/album/monstercat-instinct-vol-5,vancouver,38.0,40,2020-04-07T00:00.000Z,https://i.scdn.co/image/ab67616d00001e02a723f3434a75f682538d7f97,1G581b7hODjE3txrb877G0,4YwB41gFHCxY5bcNR3CcIH
Lee Rosevere,Synths Working Overtime,electronic,https://leerosevere.bandcamp.com/album/synths-working-overtime,pei,38.0,20,2020-04-25T00:00.000Z,https://i.scdn.co/image/ab67616d00001e02347df3cd4e3d25f011b0b12f,7Bx5hZoiKpBO0mOkJDeoKg,2Jl1k0haDhoL9cxYiU8H6j
Ashwell Woodland,460215,ambient,https://sensingwaves.bandcamp.com/album/460215,britishcolumbia,37.933,1,2020-05-12T00:00.000Z,https://i.scdn.co/image/ab67616d00001e024f1635aae90fcd5a8a8be8ab,4eCEXTGabohoa9sArvlrDf,5AtuMK1jMk6hs06WOkOtq5
CMOI,NEW DIET,hip-hop/rap,https://cmoi.bandcamp.com/album/new-diet,ottawa,37.867,2,2020-05-11T00:00.000Z,https://i.scdn.co/image/ab67616d00001e02d6358b309754276d16ac37db,2m2k2uCQNe5Qt33PWHOagw,7sVObPGOcJCTEEKwsRLh6l
Mari Kiralou,Am I Okay?,acoustic,https://marikiralou.bandcamp.com/album/am-i-okay,manitoba,37.667,5,2020-05-08T00:00.000Z,https://i.scdn.co/image/ab67616d00001e026f894d50a8d67b9a22981c46,4nhyigDtRSayTGbk6Rsvbl,75GwnGWoIucd6pbWryBYhd
Pacha Papa,GROUNDED,world,https://pachapapa.bandcamp.com/album/grounded,britishcolumbia,37.667,5,2020-05-08T00:00.000Z,https://i.scdn.co/image/ab67616d00001e026f2cddfd6025d2970e1eb159,5n3uRMrRTu6GOzOwJLAJbo,2JATB5Y4WRB01SEtROvc1n
SPEAK EASY,Rainbow River,alternative,https://speakeasybc.bandcamp.com/album/rainbow-river,victoria,37.333,10,2020-05-03T00:00.000Z,https://i.scdn.co/image/ab67616d00001e02d37fe229a89a75555993f439,7DDu1Lj8t7hbR4uyrewhE3,2CIThyVssa0biLVO6yCj6E
Cold Room Heady,I Don't Want to Die in Ontario,alternative,https://coldroomheady.bandcamp.com/album/i-dont-want-to-die-in-ontario,ontario,37.333,0,2020-05-12T00:00.000Z,https://i.scdn.co/image/ab67616d00001e0220da338825307b3982a8ddde,3GPPnlTGECJXD3WQK4vHuS,3eXkus1c43Wi7Q8S3GmZmn
drew f-p,Ghost In The Tower / She Will Hold You,electronic,https://drewf-p.bandcamp.com/album/ghost-in-the-tower-she-will-hold-you,britishcolumbia,37.333,0,2020-05-12T00:00.000Z,https://i.scdn.co/image/ab67616d00001e022c88230b052dac3f191aee7f,61JxzcBQdspNvSWRYJljID,1ycgJjfqLkeswyVlC6Q2d0
Daniel Son & Finn,Dirty Dishes,hip-hop/rap,https://goldera.bandcamp.com/album/dirty-dishes,toronto,37.2,12,2020-05-01T00:00.000Z,https://i.scdn.co/image/ab67616d00001e0233c2c9f76a05d6372c890a56,7hH9EkSmOtYKtbweCR9gIW,36Wt8NTU69Przj3QRfkyUR
Lord Byrun,Spirit Animals,rock,https://lordbyrun.bandcamp.com/album/spirit-animals,saskatchewan,37.067,4,2020-05-08T00:00.000Z,https://i.scdn.co/image/ab67616d00001e02345e45fc9c3b4033db955274,6sCR3aoJCcSumatdXmFCZe,3gcencVPS0U65OdM6WmgxM
eden pipe camp,bright hope / strangely dim,alternative,https://edenpipecamp.bandcamp.com/album/bright-hope-strangely-dim,toronto,37.0,5,2020-05-07T00:00.000Z,https://i.scdn.co/image/ab67616d00001e025580ae0d911600650bf0f8eb,7DyoBVwGMq4RDexnls2cYe,4pFn5tqSFfVVSC8GNnjndX
Peter Bark,Astral Ecotone,ambient,https://driftlabel.bandcamp.com/album/astral-ecotone,calgary,37.0,45,2020-04-01T00:00.000Z,https://i.scdn.co/image/ab67616d00001e02001158eba31686a238374ad0,1obNtyV7j689PzzDgevV1u,1owDCRcm8r3mCfAVzwNbB2
Jupiter-8,Sunset City,soundtrack,https://jupiter-8.bandcamp.com/album/sunset-city,vancouver,36.8,8,2020-05-04T00:00.000Z,,1v6NOSscKq0Q7NWxYM6uUv,71hu2qmDH3K0MF4ZY3DZ6r
Alaskan Tapes,Sleeping Since Last Year,ambient,https://alaskantapes.bandcamp.com/album/sleeping-since-last-year,toronto,36.6,51,2020-03-26T00:00.000Z,https://i.scdn.co/image/ab67616d00001e02e417895b602f8f0dbfdbe214,6JmGS3kkpR6ydDatPtuxPo,5GHBk4xcO1UqlbyrUXv5dq
Ira Abbott,Moments,alternative,https://ira-abbott.bandcamp.com/album/moments,ottawa,36.6,11,2020-05-01T00:00.000Z,https://i.scdn.co/image/ab67616d00001e02dbfee58ad300e1006928d3a2,0lgw5n8dYn7xAfAbF0rymo,3HPQ8XrVVPaIGMrHbmiZPI
Napalmpom,The Climb To Heaven Has Too Many Stairs (The Lost Tapes),rock,https://napalmpom.bandcamp.com/album/the-climb-to-heaven-has-too-many-stairs-the-lost-tapes,calgary,36.333,5,2020-05-06T00:00.000Z,https://i.scdn.co/image/ab67616d00001e028e85d995a6ed6a88d328eb0a,0o49OnYVnvrignvv5Vyr3t,0MsAFWpxVqufWN2YaBh0Qb
Rich Aucoin,How It Breaks,alternative,https://richaucoin.bandcamp.com/album/how-it-breaks,novascotia,36.267,26,2020-04-17T00:00.000Z,https://i.scdn.co/image/ab67616d00001e029994e1c6b01feea5822b7c6c,2SOywjCOtTJhg8Kns68ARw,2XwFZjlnvpwnZSO8QbKErQ
Luge,Luge,experimental,https://hugeluge.bandcamp.com/album/luge,toronto,36.133,18,2020-04-24T00:00.000Z,https://i.scdn.co/image/ab67616d00001e025ce99a81738947fde57563f4,3BmO20hvs6qutveSf4I6sE,7daFRHQonSQK9Mu3op88n7
SOUTHWOODS,SOUTHWOODS 3,experimental,https://southwoods.bandcamp.com/album/southwoods-3,victoria,36.0,0,2020-05-10T00:00.000Z,https://i.scdn.co/image/ab67616d00001e02491fa32fcfd138db80d8daf9,2mbVvGkyhp8eZ4Rmnji5RD,2ibR8ODgbotGOjYdDWVEYp
Manny on a Mission,Manny on a Mission,rock,https://mannyonamission.bandcamp.com/album/manny-on-a-mission-2,ontario,36.0,0,2020-05-10T00:00.000Z,https://i.scdn.co/image/ab67616d00001e0238e6167dbd05e4b2bb4deddc,72NGdwWphCpZYHUGRwErQC,2aGOkgdN4KzU3BOXDUlaeJ
Hugo Mayrand,Brain Activity,electronic,https://hugomayrand.bandcamp.com/album/brain-activity,quebec,36.0,0,2020-05-10T00:00.000Z,https://i.scdn.co/image/ab67616d00001e029a03e6f0c080bd480b51b4ad,5tX2CeEeFZkyodnaD8MIyq,2dti9Wgq86KtP56edtJSes
Owen Davies,"Lollipop Pumpkinhead Reimagined, Vol.1",alternative,https://owendaviesmusic.bandcamp.com/album/lollipop-pumpkinhead-reimagined-vol-1-2,quebec,35.867,2,2020-05-08T00:00.000Z,https://i.scdn.co/image/ab67616d00001e02a7abc428589893b4ce895f08,0j5wCVdUbasVz4CvYrd1gw,0ZcUY6tWNc5sBxbHx8ddkN
Wares,Survival,rock,https://wares.bandcamp.com/album/survival,edmonton,35.533,17,2020-04-24T00:00.000Z,https://i.scdn.co/image/ab67616d00001e02e0e478c87b8848e164a79c7f,2YNi2N3nIZ4K3YhvCVvvSd,4IJfEp4CKdYvIGGm6Y8xf6
Lazy Laser,Ride On Space Cowboy,electronic,https://lazylaser.bandcamp.com/album/ride-on-space-cowboy,montreal,35.4,9,2020-05-01T00:00.000Z,https://i.scdn.co/image/ab67616d00001e02e3782a3e987facc42d4046be,6V4teT2mHRRImUe11L54PE,01pAZUliF44xfWXMEFQ9zR
Studio 720,"Smokes, Let's Go",rock,https://studio720.bandcamp.com/album/smokes-lets-go,britishcolumbia,35.4,9,2020-05-01T00:00.000Z,https://i.scdn.co/image/ab67616d00001e02f18473174d87f2b8ed4b86ea,4DFXhClMd4H6yMdR6c9aXx,3yDovwh1OrvWh5WzpsOrMQ
ænorex,ingredients,experimental,https://aenorex.bandcamp.com/album/ingredients,ottawa,35.333,0,2020-05-09T00:00.000Z,https://i.scdn.co/image/ab67616d00001e02db3d1d916d3f1dab6825df0e,738nYeJGTrqOcVGlmIusO6,6Z0raSiCjFPK5hw1mKbymy
Regular Nature,Regular Nature Presents... Nylon Wish,electronic,https://regularnature.bandcamp.com/album/regular-nature-presents-nylon-wish,ontario,35.333,0,2020-05-09T00:00.000Z,https://i.scdn.co/image/ab67616d00001e029d7882e20fbc1924cdb1bfde,617Kps8dDZ4lSECYDuXYCc,5oRh63z65dfIDaMTA9tvez
Elfpants,Straight Outta Murkwood,hip-hop/rap,https://elfpants.bandcamp.com/album/straight-outta-murkwood,quebec,35.333,0,2020-05-09T00:00.000Z,https://i.scdn.co/image/ab67616d00001e02ff37139ac7af3cfceb502f0c,74iseR1R6fzWMNoWiaXnCc,03xfOfdKPilviIX0C0hfBU
Dara Schindelka,Thou Art Loosed,folk,https://daraschindelka.bandcamp.com/album/thou-art-loosed,saskatchewan,35.267,1,2020-05-08T00:00.000Z,https://i.scdn.co/image/ab67616d00001e0243962b39340ba7df26698edd,2FnEY81vlRYFZcdlTfBzyZ,6LxBQXilC3Tw8hkqg5xx8t
Matty Stecks & Musical Tramps,Long Time Ago Rumble,jazz,https://mattystecks.bandcamp.com/album/long-time-ago-rumble,manitoba,35.267,1,2020-05-08T00:00.000Z,https://i.scdn.co/image/ab67616d00001e028b1a60d12cd5886340e0ca13,3zQFrU6gXXbxrG0CziRAUM,25tihKYUVpBaA0fwqFQYha
TANKS,Success,alternative,https://blacksquares.bandcamp.com/album/success,toronto,35.2,2,2020-05-07T00:00.000Z,https://i.scdn.co/image/ab67616d00001e0282079670b3ba2d6b310a5efe,1ccQsG4i2RaaqAeOa3sIjd,4GexXYWVgIFKOsFzuEB3SN
Bruce K. Rowe,Happy,punk,https://brucekrowe.bandcamp.com/album/happy,newfoundland,34.667,0,2020-05-08T00:00.000Z,https://i.scdn.co/image/ab67616d00001e02c7881aa985388b187e80d489,31Kg9nz9jElGWHuSi7WJwW,2fnK6LR9lgrOMFOzidMRlY
Dogme 96,Exorcisms,alternative,https://dogme96.bandcamp.com/album/exorcisms,victoria,34.667,0,2020-05-08T00:00.000Z,https://i.scdn.co/image/ab67616d00001e02e8b39614d3b0c9338cd385f4,46pkC0P23GzfwGuvBSnl8T,7C6SZck9aijfp4ZMk5Qezb
"1000 Petal Lotus, Angus Tarnawsky",Subconscious Self Sabotage,alternative,https://zanecoppard.bandcamp.com/album/subconscious-self-sabotage,victoria,34.667,0,2020-05-08T00:00.000Z,https://i.scdn.co/image/ab67616d00001e02165dd3ab3345f647e6288e70,37NYBFarXuklOkXSr3ld2l,6yoiOF2aoJiWhilpAEmGAx
Aband*nthecar,L*ve,pop,https://abandonthecar.bandcamp.com/album/l-ve,manitoba,34.667,0,2020-05-08T00:00.000Z,https://i.scdn.co/image/ab67616d00001e025782f7232eb148f9ca5b7ade,7ay6YBwZzHYNXcprLDM1hA,2Uzt3a47uSOFwUqQ6U3gEQ
Fifth Wheel Slide,Revolution Bypass,rock,https://leifericssonrenk.bandcamp.com/album/revolution-bypass,britishcolumbia,34.667,0,2020-05-08T00:00.000Z,https://i.scdn.co/image/ab67616d00001e02925b1cc42286d25e4c4e0580,70WXTCQTopp4P9S3ZSfxe7,5Eu5eHDqaF0uVtadjxdyAn
nico swim,Vovô,experimental,https://nicoswim.bandcamp.com/album/vov,britishcolumbia,34.667,0,2020-05-08T00:00.000Z,https://i.scdn.co/image/ab67616d00001e024b112ef6400d7886eb0208ef,5jVaTVHO6AG1DBt7XT3vrs,2T3T2lW1dK7X9xTTLoXltb
CAUSTIC WOUND,Death Posture,,https://profoundlorerecords.bandcamp.com/album/death-posture,ontario,34.6,31,2020-04-10T00:00.000Z,https://i.scdn.co/image/ab67616d00001e02948ab31f1d689128ed844aff,4bAiXnqI1WuZgjFAFvkIOO,1e09BMPCOwTzriWkruRlbi
Connor Grail,CONNOR&MMATT VOL 1,electronic,https://connorgrail.bandcamp.com/album/connor-mmatt-vol-1,ottawa,34.467,3,2020-05-05T00:00.000Z,https://i.scdn.co/image/ab67616d00001e0252f8f422635d92ed7d5faa23,5UCTi4NvpWo6Qx8JDYIRd1,45yx1rBykdTiIHG65hOgdx
Maandala,Second Circle,electronic,https://maandala.bandcamp.com/album/second-circle,calgary,34.467,3,2020-05-05T00:00.000Z,https://i.scdn.co/image/ab67616d00001e02bf7948a3458758cee9e85e3f,5Am8G0K1klSwEW23D2dhkN,3XhDxC9vW6Yj2sciU3vtBS
DNTE,Grandizer,hip-hop/rap,https://cocareef1.bandcamp.com/album/grandizer,toronto,34.2,7,2020-05-01T00:00.000Z,https://i.scdn.co/image/ab67616d00001e02a04661c9746f37f659e1d3e5,2SgTDiAzoho4SVsur3NBnN,0nlmhM9h98UFAdb5GMUBV3
Oswald Park,A Prescription Year,alternative,https://oswaldpark.bandcamp.com/album/a-prescription-year,ottawa,34.2,7,2020-05-01T00:00.000Z,https://i.scdn.co/image/ab67616d00001e0265158a57086ec2b0dbb695e4,1lJD93iVagobUUZyQ4IZ2s,0BgazRFF6JkAhlHM16AMcT
Kuiper,Wanderlust,alternative,https://kuiper1.bandcamp.com/album/wanderlust,britishcolumbia,34.0,0,2020-05-07T00:00.000Z,https://i.scdn.co/image/ab67616d00001e02e57a053bd4f7e882c59b70a6,5sWdDBdfdTIMXrFKUrhBCJ,23zTh0ohNOy8aoZ8YWtbZJ
Her Motives Are Silent,MOVEMENTS,experimental,https://hermotivesaresilent.bandcamp.com/album/movements,calgary,33.867,2,2020-05-05T00:00.000Z,https://i.scdn.co/image/ab67616d00001e0248759e904e930dd3a059aee8,7pVBZrc4IMWw84Isj9wpJ9,5TNvt98s2BRBIhcg2Y5Vjk
Jamboree,A Beautiful Place,alternative,https://jamboree.bandcamp.com/album/a-beautiful-place,manitoba,33.733,14,2020-04-24T00:00.000Z,https://i.scdn.co/image/ab67616d00001e025fa0e5c4cc446d2a20eefe5e,0VRz5uOkwkgJwokWtQ1hOq,1YyuDWi5kz0dav5M4t0Wz3
BigBoyEllis,Copperfield EP,hip-hop/rap,https://bigboyellis.bandcamp.com/album/copperfield-ep,ottawa,33.6,6,2020-05-01T00:00.000Z,https://i.scdn.co/image/ab67616d00001e02deb54af0de7c9e927b6c75c6,3PDQjTmCacjWQN8Bwk3iwA,30Eumdk8aVCikHp0x0ZM0y
Wheesht,Who's to Know,alternative,https://wheesht.bandcamp.com/album/whos-to-know,manitoba,33.533,17,2020-04-21T00:00.000Z,https://i.scdn.co/image/ab67616d00001e02f87c048ebf254a53e4b3b021,04Qyq85QYt9RiKBdH2BTSG,7LW6nrKqgxpK8I3xe43X74
Matt Lazenby,Sweet Dreams of Life,folk,https://mattlazenby.bandcamp.com/album/sweet-dreams-of-life,montreal,33.333,0,2020-05-06T00:00.000Z,https://i.scdn.co/image/ab67616d00001e023279b6f16ca385205eef7769,7HYLZln4fcxTjjhzrkqlfI,0WVj7uyGDsU4l2IgPTHek7
Bent Roads Tavern,Hard Reset,folk,https://bentroadstavern.bandcamp.com/album/hard-reset,calgary,33.333,0,2020-05-06T00:00.000Z,https://i.scdn.co/image/ab67616d00001e023d0567e05b6faa8339246422,4Gcw4f40aZtP6i6W8COwr1,0HOKJG3UYUFplXqejZlsDw
Mike O'Brien,Mike O'Brien,folk,https://mikeobrien.bandcamp.com/album/mike-obrien,montreal,33.267,21,2020-04-17T00:00.000Z,https://i.scdn.co/image/ab67616d00001e02e188e6d592fd58bc3e98173d,2l6Ynkln0mfVkTriwP8dSI,0bSjew0YQ3eCgX82FfQmff
More like Space,Hindsight,electronic,https://morelikespace.bandcamp.com/album/hindsight,britishcolumbia,33.267,1,2020-05-05T00:00.000Z,https://i.scdn.co/image/ab67616d00001e02a08688639f8fb81dbb11d757,5MApgnpyAq99rSugXbgpVo,1CJBF2BAOMJ1na8KzXIBEp
Damien,Dark Visions,rock,https://damien6.bandcamp.com/album/dark-visions,ottawa,33.2,2,2020-05-04T00:00.000Z,https://i.scdn.co/image/ab67616d00001e02b9bcd0df4a9ea8c47fd4e4bd,3qPIa0P28LLe86L3QnQduv,7gQ1EGy8laYiS4QdsKgNiT
LUKA KUPLOWSKY,Judee Justin Arthur Mary,folk,https://tunes.mamabirdrecordingco.com/album/judee-justin-arthur-mary,toronto,33.133,13,2020-04-24T00:00.000Z,https://i.scdn.co/image/ab67616d00001e02b91b42125a4e62be440b6473,0wCSdWmd16IEyBE7pqgKMD,3WoJfG2qjHZ9Q96yFMQ8FE
Night Howl,Night Howl,alternative,https://night-howl.bandcamp.com/album/night-howl-2,edmonton,33.067,4,2020-05-02T00:00.000Z,https://i.scdn.co/image/ab67616d00001e02d511137fecdd0cf22bca3f03,1e5NOwBCUznS5Q4PT9P0km,6MKbB8ReMaczfTYTMYcI8l
Loneward,Moongate,ambient,https://altusmusic.bandcamp.com/album/moongate,ottawa,33.0,5,2020-05-01T00:00.000Z,https://i.scdn.co/image/ab67616d00001e026fedac84e5d4f69fc73c0887,1IEhWPMSIO48YqZ5eIP8Fq,3nbDIWk3Zo1EC4dAUMXKrK
Troo Knot,Time Bandit,electronic,https://trooknot.bandcamp.com/album/time-bandit,calgary,33.0,5,2020-05-01T00:00.000Z,https://i.scdn.co/image/ab67616d00001e026969d6336b262374b9a2a3fe,1Jpx7ms7C5khfMjrmFaEwi,0cOUrAgOTBrT5Z41lAIQBW
Amaka Queenette,"Fleeting, Inconsequential",r&b/soul,https://queenette.bandcamp.com/album/fleeting-inconsequential,toronto,32.933,6,2020-04-30T00:00.000Z,https://i.scdn.co/image/ab67616d00001e02c0b674bc96606de0b67e3239,6yTQxo0D4ZraPAXZmn0wU4,7eYEOXDWwUBvBUD8BpRFuv
Jacob Earl,Both The Beginning And The End,electronic,https://jacobearl.bandcamp.com/album/both-the-beginning-and-the-end,ottawa,32.667,0,2020-05-05T00:00.000Z,https://i.scdn.co/image/ab67616d00001e0232ee6781a9118bbb0eb66065,13q9MdspeCerz1ktgxux8z,4rYkSiB1DWep8JehlTI5e2
Cave Blood,Cave Blood,ambient,https://caveblood.bandcamp.com/album/cave-blood-2,victoria,32.667,0,2020-05-05T00:00.000Z,https://i.scdn.co/image/ab67616d00001e0274df553de14e7bf4aa061f1b,2zv8GqxU8EMP5Br9fE7oSP,3DrJuFOC6SyFKjnevxo0uQ
Dynastes,Beneath A Withered Sun,electronic,https://dynastes.bandcamp.com/album/beneath-a-withered-sun,britishcolumbia,32.667,0,2020-05-05T00:00.000Z,https://i.scdn.co/image/ab67616d00001e0218818450f6073f14756f847d,2gJzXsZ7GyXwepG8Tq166r,0zskdPBjZ8S28DdqJVQ9xm
The Sean Grieve Committee,The Sean Grieve Committee,r&b/soul,https://theseangrievecommittee.bandcamp.com/album/the-sean-grieve-committee,britishcolumbia,32.667,0,2020-05-05T00:00.000Z,https://i.scdn.co/image/ab67616d00001e02fb0b28c808d3d3e22b4b8cce,5Q5pyMzeC9HVP2jUL0TBXt,27hO8NQVWb0CDBeHGWGePI
ParkaOne,Dis-moi pk / Jsp,hip-hop/rap,https://parkaone.bandcamp.com/album/dis-moi-pk-jsp-2,quebec,32.4,4,2020-05-01T00:00.000Z,https://i.scdn.co/image/ab67616d00001e026bdce1e0cd2e568f533042b3,0P7F9lN952wbK6P0ckbZGA,6vHtNJymKX2y8CVkmRPI7Y
Octobers,Summer Waste EP,alternative,https://weareoctobers.bandcamp.com/album/summer-waste-ep,britishcolumbia,32.4,4,2020-05-01T00:00.000Z,https://i.scdn.co/image/ab67616d00001e027b5a97d19029a9b0c3f2bf70,5UuOIz2PSh74t38Gw86YGv,227umKLc7A9T1sm387Yi2L
Null Command,Lexical Analysis,electronic,https://nullcommand.bandcamp.com/album/lexical-analysis,victoria,32.0,0,2020-05-04T00:00.000Z,https://i.scdn.co/image/ab67616d00001e0239588c148a712536467eeb15,4VryQltK1DKFYkZUnb5or3,6Qw75Tc7M3n1HxlCluURIV
Bosket,Hybridation,alternative,https://bosket.bandcamp.com/album/hybridation,quebec,32.0,0,2020-05-04T00:00.000Z,https://i.scdn.co/image/ab67616d00001e02c67cdde0300065f6c1d128c8,0KTx4uPIA3MaunAFUWAAvb,19T2YYEY6tVMbi6OowT7Ti
The Radiation Flowers,Stuck In A Maze,alternative,https://theradiationflowers.bandcamp.com/album/stuck-in-a-maze,saskatchewan,31.933,11,2020-04-24T00:00.000Z,https://i.scdn.co/image/ab67616d00001e029eb71c4cbfe9230ce03a2193,5XbJob7KEUkEZgP8aLEpa8,5D4U4j04XF8ZXClTApukBd
Daniel Romano,"""Okay Wow""",alternative,https://youvechangedrecords.bandcamp.com/album/okay-wow,toronto,31.867,42,2020-03-27T00:00.000Z,https://i.scdn.co/image/ab67616d00001e027482ce893030b4f745def234,3M8t4pnAxzffVhugkF0kcG,2kTXvMOmrHVjVewErG5kHD
Les 3 de Pick,Live à la Place des Arts,acoustic,https://les3depick.bandcamp.com/album/live-la-place-des-arts,quebec,31.867,2,2020-05-02T00:00.000Z,https://i.scdn.co/image/ab67616d00001e0262de1e3666bbfd4e553e7e21,1ZEsciAZwknCSGeCJaeYRS,4NUwHdHhz1hHDSGXwRrfml
Peripheral Vision,Irrational Revelation and Mutual Humiliation,jazz,https://peripheralvision.bandcamp.com/album/irrational-revelation-and-mutual-humiliation,toronto,31.8,3,2020-05-01T00:00.000Z,https://i.scdn.co/image/ab67616d00001e028e982527079b995179fc139a,1wnowuoYy7bSmvTOuF2GUG,0RvRDxCQ3YEt2NYSpRD3ch
"August, Yours Truly",Something Uncomfortable,electronic,https://augustyourstruly.bandcamp.com/album/something-uncomfortable,ontario,31.8,3,2020-05-01T00:00.000Z,https://i.scdn.co/image/ab67616d00001e0258cdcf204123e1ee23997029,32aidbvc08krOZrfo8H2WH,6JpmrFHdahRYn2FRpPdXX3
Construction & Destruction,Former Firsts,experimental,https://constructionanddestruction.bandcamp.com/album/former-firsts,novascotia,31.733,4,2020-04-30T00:00.000Z,https://i.scdn.co/image/ab67616d00001e023a8bd1b081ad9e7993a586fe,7K06gT28y7fuDrC1LlQnSa,42ViayamkigAOVp8yh9cQ2
Kinflorien,▲▼▲▼▲▼▲▼,electronic,https://kinflorien.bandcamp.com/album/-,edmonton,31.333,0,2020-05-03T00:00.000Z,https://i.scdn.co/image/ab67616d00001e02bcde1d929ec0ebeeb1124849,1t4up5Ti0ryrogTJJVqkKd,0feEHVCjhFh2rY8UkKhImt
Warsh,Demo,punk,https://warsh.bandcamp.com/album/demo,pei,31.2,32,2020-04-04T00:00.000Z,https://i.scdn.co/image/ab67616d00001e02cdc398ae95af21d760d115d7,29MvBqTOrlW8gqQK2lvNli,4AALUKwKK3irhxGkX2NtbB
Nate Murchison,Soft Songs & Hard Hitter,punk,https://natemurchison.bandcamp.com/album/soft-songs-hard-hitter,newbrunswick,31.2,2,2020-05-01T00:00.000Z,https://i.scdn.co/image/ab67616d00001e02ea1f605011e12e418c068ff4,6f5XpG6JnqaaxucmkM8DQr,2rNHuubUgjPs7u9C5iPpti
Peelings,Dave's Mustang // Let It Roll,rock,https://peelings.bandcamp.com/album/daves-mustang-let-it-roll,novascotia,30.6,1,2020-05-01T00:00.000Z,https://i.scdn.co/image/ab67616d00001e029279a44895c34b94a57528c4,7kmSxO4isaNOHo9gjH3oqS,51YSXsAiXBpB31PyYsNlx6
Origami Army,Poverty For Happiness,folk,https://origamiarmyofficial.bandcamp.com/album/poverty-for-happiness,alberta,30.6,1,2020-05-01T00:00.000Z,https://i.scdn.co/image/ab67616d00001e0289104eef5110db65e1f261e0,7BtbKK6WghJ7irahH4upBn,7ixr8VEWimMZu6DOVDEPCt
Tha Rhyme Animal,Great Minds Think Alike,hip-hop/rap,https://thesarsnetwork.bandcamp.com/album/great-minds-think-alike,toronto,30.467,3,2020-04-29T00:00.000Z,https://i.scdn.co/image/ab67616d00001e02f19fb4c77a5d3f066efc2274,37NGDJejJ9bJa4H5jJodGs,4BGjQrGCN27TyQexHnkodS
Weak Size Fish,The Drift,reggae,https://weaksizefish.bandcamp.com/album/the-drift,newbrunswick,30.467,13,2020-04-20T00:00.000Z,https://i.scdn.co/image/ab67616d00001e0249e9b3130f4165d6c407f8ce,3nLeM6GFoG4CQOrMH9XyUD,7ztX3VdsQ5LGaTp22jN9Gu
Timothy Kirchofer,"Kirchofer In The Church Yard Casting Seeds, The Gardener's Songs",country,https://timothykirchofer.bandcamp.com/album/kirchofer-in-the-church-yard-casting-seeds-the-gardeners-songs,saskatchewan,30.333,25,2020-04-09T00:00.000Z,https://i.scdn.co/image/ab67616d00001e02f90190059f188d97efdfce80,5rZerihNwPhfPJIJCuMhLs,0ox87AsUGtE1K8WdiqTzyi
Louis-Jean Cormier,Quand la nuit tombe,folk,https://louis-jeancormier.bandcamp.com/album/quand-la-nuit-tombe,montreal,30.2,47,2020-03-20T00:00.000Z,https://i.scdn.co/image/ab67616d00001e02b8c213cc549e7960c821f9d4,0etMcqNyXYSgrb7MTgCn6c,6ZsvBr9pLJY16NqVRKO88G
Vinay Lobo,Peacock Blues,ambient,https://vinaylobo.bandcamp.com/album/peacock-blues,vancouver,30.133,8,2020-04-24T00:00.000Z,https://i.scdn.co/image/ab67616d00001e02fe0b8814ba18cc6c3c0e57a8,33uWe7yHh5tw8W22JXvPI7,0Vc528HfjvGnbPBKstFM7d
Blossom Complex,Feel,hip-hop/rap,https://blossomcomplex.bandcamp.com/album/feel,novascotia,30.0,0,2020-05-01T00:00.000Z,https://i.scdn.co/image/ab67616d00001e0289d99a84a510c1912baf4c35,4NrFPd8u8WvxZxTTfgEgcy,4ihczg1KEzQQreqolsxCOi
Blank Sun,When You're Going Through It Volume I,electronic,https://blanksun.bandcamp.com/album/when-youre-going-through-it-volume-i,ottawa,30.0,0,2020-05-01T00:00.000Z,https://i.scdn.co/image/ab67616d00001e02209cae0fc30ade57e2fa28e6,6ftIoBf4G9J9C1oXa8V5cd,4pv6xQOJU3dMISI50t7S50
PAPAL VISIT,Where Do They Swim?,experimental,https://papalvisit.bandcamp.com/album/where-do-they-swim,newbrunswick,30.0,0,2020-05-01T00:00.000Z,https://i.scdn.co/image/ab67616d00001e027f58e24a93bff56e73219b2a,7pHj9v4Wbk47oXS6LTPdfY,5LRnFeQbeUTMRrBHEnfs4b
Skip Jr. Campbell,Skip Jr. Campbell,alternative,https://thevenusextraction.bandcamp.com/album/skip-jr-campbell,saskatchewan,30.0,0,2020-05-01T00:00.000Z,https://i.scdn.co/image/ab67616d00001e02398bb6d1eb5d24b986ecc558,6ySOFchVuBWd8TKzh5HqbX,1IlvagS4aXomZZtJvA7MM1
Kirk,Dahlia,alternative,https://thekirk.bandcamp.com/album/dahlia,newfoundland,30.0,0,2020-05-01T00:00.000Z,https://i.scdn.co/image/ab67616d00001e020f0f03121e87f6d80c492f22,0DOo2RcTlVnnemak7GHCS0,4SMx1Tqz0MBicH8Ae62GcO
Devonian Gardens,Old Star,rock,https://devoniangardens.bandcamp.com/album/old-star,calgary,30.0,0,2020-05-01T00:00.000Z,https://i.scdn.co/image/ab67616d00001e02397205444be3b9f9ea9a52e0,6tUAFnta5S65RqxWBSeEYb,1wB9D6Xqdi7XDtMa7C7bGb
C.R. Gillespie,Concentration Patterns,ambient,https://crgillespie.bandcamp.com/album/concentration-patterns,toronto,29.8,3,2020-04-28T00:00.000Z,https://i.scdn.co/image/ab67616d00001e029bd0528d3fb9a2142d3a992a,69NdHiYtxOxFwXj1lai2dC,0j8LDU9t5nvKDpqlbhMvkD
Andrew Huang,Ganglia,experimental,https://andrewhuang.bandcamp.com/album/ganglia,toronto,29.733,44,2020-03-22T00:00.000Z,https://i.scdn.co/image/ab67616d00001e0281dc09d9a3b0a58c553508f2,6bSMsFtOa45NOKFsqupiwt,7HifubxN0gO1nHbRIqWhrY
GAME BOY,The Adventure Continues...,electronic,https://game-boy.bandcamp.com/album/the-adventure-continues,newfoundland,29.333,0,2020-04-30T00:00.000Z,https://i.scdn.co/image/ab67616d00001e0209cd2fa6396851d33051c315,29c7geeGY9PMhLQj5oE12U,46JY4KFBE0gaK1aHIWeGCE
The Moby Dicks,Complete Dicksography,punk,https://themobydicks.bandcamp.com/album/complete-dicksography,alberta,29.333,0,2020-04-30T00:00.000Z,https://i.scdn.co/image/ab67616d00001e0214bb3f630182f806cb784fce,7CIoK1n0Rhb4OzZ8KzlovM,6vGPeEfp8IHG4GAhJUGFgR
Himalayan Bear,Lets Hope The Roof Stays On,pop,https://himalayanbear.bandcamp.com/album/lets-hope-the-roof-stays-on,victoria,29.2,2,2020-04-28T00:00.000Z,https://i.scdn.co/image/ab67616d00001e027d2ee92c3d44386c1b78d2cd,30n2wbIL8tgdRfezEymMOi,6wtwvlh0uyfW7OHymE2zPC
Cartoon Lizard,"Bless You, Thank You",pop,https://cartoontunes.bandcamp.com/album/bless-you-thank-you,victoria,28.933,16,2020-04-15T00:00.000Z,https://i.scdn.co/image/ab67616d00001e028207e2cfec3a55ca3a52bbeb,2AhMSqNId9IhM2g27JRmLA,78NN5l8HQKQ7AkhCJFF6SF
Lee Rosevere,Doodles,electronic,https://leerosevere.bandcamp.com/album/doodles,pei,28.667,20,2020-04-11T00:00.000Z,https://i.scdn.co/image/ab67616d00001e02dc817c4b31472ed12ab7a380,1J8qfJhYffsqtMNPRgGTp0,2Jl1k0haDhoL9cxYiU8H6j
Tiny Desk,unanswered questions and answers open to interpretation,alternative,https://tinydesk.bandcamp.com/album/unanswered-questions-and-answers-open-to-interpretation-2,edmonton,28.667,0,2020-04-29T00:00.000Z,https://i.scdn.co/image/ab67616d00001e0212db1ce88171151732637493,0Z8GSfk3Dlu2lu9uOoj5uc,618fJVZeTOHmtt86fqeOQw
Harrison Downes,Desiderata,electronic,https://techgnosisrecords.bandcamp.com/album/desiderata,newbrunswick,28.6,1,2020-04-28T00:00.000Z,https://i.scdn.co/image/ab67616d00001e0289566d46888c328c0e7e1d58,0sVL8AXjrKiX4x0Ll7vPFn,1OgvEdfVlVP4tp5EGBsAXL
Ugly Again,IDK/Faze Me,punk,https://uglyagain.bandcamp.com/album/idk-faze-me,saskatchewan,28.6,1,2020-04-28T00:00.000Z,https://i.scdn.co/image/ab67616d00001e02971d95c6920b18552843caeb,3CzgWhdSaNDlx7jb3lFJUs,7jkJS5HNv4aMt4rguAW6xh
Eliza Niemi,Glass,folk,https://elizaniemi.bandcamp.com/album/glass,toronto,28.467,13,2020-04-17T00:00.000Z,https://i.scdn.co/image/ab67616d00001e024e5d2432da566a812850a676,5tDZswz2hVSNdF4qJHkGaG,6UntKZ32JDgJV35Nmk5gDi
hansmole,Pain Songs,alternative,https://hansmole.bandcamp.com/album/pain-songs,victoria,28.4,4,2020-04-25T00:00.000Z,https://i.scdn.co/image/ab67616d00001e0264454a85aef024670cafd1b3,3fqxEETcwL11Dc7D8OXLy8,3TC6NNo2RLkLaR9AVFwQsz
Nebullama,Vol. 1,funk,https://nebullama6.bandcamp.com/album/vol-1,newbrunswick,28.267,6,2020-04-23T00:00.000Z,https://i.scdn.co/image/ab67616d00001e029e3966113cb1271e597cd677,52HGjafdZCCtMt8yqJ2jaj,2nNcUtly974vOW9BMMjmr4
P'tit Belliveau,Greatest Hits Vol.1,country,https://ptitbelliveau.bandcamp.com/album/greatest-hits-vol-1,newbrunswick,28.267,36,2020-03-27T00:00.000Z,https://i.scdn.co/image/ab67616d00001e02fea0f64d140753acda8f206c,6lu96wXodYiSB0UxccpBud,1Mnw1xS9MvW7sgitmlqnCM
Slow Leaves,Shelf Life,folk,https://slowleaves.bandcamp.com/album/shelf-life,manitoba,28.133,28,2020-04-03T00:00.000Z,https://i.scdn.co/image/ab67616d00001e02ffec350bf23c0e25d36fdcf2,0sjdlpJd36AV4GcOyYjspU,1CNY3GA9jHEuZeQEOHx0r8
High October,Not Mourning,alternative,https://highoctober.bandcamp.com/album/not-mourning,novascotia,28.0,0,2020-04-28T00:00.000Z,https://i.scdn.co/image/ab67616d00001e02ae757e3976dd13b7d08bb6d5,5kfZk74U7kwmxMA1MwGqsT,07P4V6KSrfaMx2EkAzpPoU
Zachary Greer,Shelter,soundtrack,https://zacharygreer.bandcamp.com/album/shelter,newbrunswick,28.0,0,2020-04-28T00:00.000Z,https://i.scdn.co/image/ab67616d00001e023adf37bb2411a110cdbdb1cd,73vXmFxgUSKKSxcdO8PMzI,5s37Aa5F1kw37xhVSUSmSf
Hodag,Thirty One,rock,https://hodag1.bandcamp.com/album/thirty-one,victoria,28.0,0,2020-04-28T00:00.000Z,https://i.scdn.co/image/ab67616d00001e02be6cf127351bc38207690711,6WaAoGUHau8NTrktYE5y95,6RnIxUXnRg3lPIRD6GfldR
Twitch,Databomb,electronic,https://twitch-official.bandcamp.com/album/databomb,calgary,28.0,0,2020-04-28T00:00.000Z,https://i.scdn.co/image/ab67616d00001e026373b720981443d2d4d6cafb,5ILsbor2Om4A4fWfUS2AfD,6tU9AaSCfWaeZd8E4t3dvu
redress,peacebird,electronic,https://redresss.bandcamp.com/album/peacebird,victoria,27.933,1,2020-04-27T00:00.000Z,https://i.scdn.co/image/ab67616d00001e024875109da7ea027680ac526b,09nPf5DgBG6ZMCna86j3DE,4hrCYr0GP3OEshC2aLS939
Bristol Manor,Social Distancing,electronic,https://bristolmanor.bandcamp.com/album/social-distancing,calgary,27.933,1,2020-04-27T00:00.000Z,https://i.scdn.co/image/ab67616d00001e021f8cc3e2ffbbabe783a9dd5c,7HCz53f6VpQBvEZuWDalUb,0s1W2tZxgkc6cFWLQup8Hv
Brandon M.C.,Earth From 900 Million Miles Away,acoustic,https://brandonmc.bandcamp.com/album/earth-from-900-million-miles-away,newbrunswick,27.333,0,2020-04-27T00:00.000Z,https://i.scdn.co/image/ab67616d00001e028db6a1db938602083a351a92,4aluuWqJB9dON0UenoGLuT,77Q7IC7rg0RAxhbZv0kLw4
Mick Davis,Rarities,rock,https://mickdavis.bandcamp.com/album/rarities,newfoundland,27.067,4,2020-04-23T00:00.000Z,https://i.scdn.co/image/ab67616d00001e02ff394abb3d5e986e2531e57b,4DKSUJ5J0mTOAWg4vxrYOX,49LFMxfnisUQrAOgeYNXkO
Zuffalo,Space,rock,https://zuffalo.bandcamp.com/album/space,toronto,26.533,2,2020-04-24T00:00.000Z,https://i.scdn.co/image/ab67616d00001e029893314c4fe2d94729848f44,645MGLW3krNpxUS5CkA5U3,3Eg66AM0Moxq0rp17vCPU4
Kristen Martell,Coming Home,folk,https://kristenmartell.bandcamp.com/album/coming-home,novascotia,26.533,2,2020-04-24T00:00.000Z,https://i.scdn.co/image/ab67616d00001e02a0ef42a1b173fe9c5a9a5295,0xPR21ui5OlUStoVDdt375,106VuNdJU4rmNGFwUVB3fy
narcoskeptic,VOIDS,experimental,https://roachlungrecordings.bandcamp.com/album/voids,novascotia,26.0,0,2020-04-25T00:00.000Z,https://i.scdn.co/image/ab67616d00001e02eb4bae61faa501c37e618b33,4PVYyB34gomcH1JafUjyhW,71jJ5mwFxla63Z8CvaISUN
Cody Smith,Overlooking Gatineau River - 2016,acoustic,https://codys.bandcamp.com/album/overlooking-gatineau-river-2016,ottawa,26.0,0,2020-04-25T00:00.000Z,https://i.scdn.co/image/ab67616d00001e02f2909f8cb935a636fbaa5ebd,5HoKnZYNgxW7aSVT0epAQS,1AtDdFAbfdtuM8wGba7iJZ
Mild Manors,Mild Manors,alternative,https://mildmanors.bandcamp.com/album/mild-manors,newfoundland,26.0,0,2020-04-25T00:00.000Z,https://i.scdn.co/image/ab67616d00001e02a55dfc08421dc0ca57aa7af8,10EtDGt4ECXmsfEYTZz1Go,6tu0poYD76wbVyQuN8Tclw
Wildflowers/Waiting For You,Akibimi Superstar,alternative,https://wildflowerswaitingforyou.bandcamp.com/album/akibimi-superstar,ottawa,25.933,1,2020-04-24T00:00.000Z,https://i.scdn.co/image/ab67616d00001e026c1921c166e394bb1b00abbe,5nSKNonopU5Ihvxqgj1Y9W,5tyhwetKaEAk5MZLrG0F1x
Eric Braun,"The Cure, Pt. 2",folk,https://ericbraun.bandcamp.com/album/the-cure-pt-2,calgary,25.933,1,2020-04-24T00:00.000Z,https://i.scdn.co/image/ab67616d00001e02c34ece7379aeff473565afb9,1aquce004MC42lMx0ryChE,5AzEGtrqva0AqRvugQpTN3
Dana Gavanski,Yesterday Is Gone,alternative,https://danagavanskifth.bandcamp.com/album/yesterday-is-gone,toronto,25.867,32,2020-03-27T00:00.000Z,https://i.scdn.co/image/ab67616d00001e02cd217afd38c3fc7cab0b0a7b,0bB0tJH93oXBaxdhJswBIp,1GSLjV7vq6pSsNAEFwWSbn
Area 3,Area 3,electronic,https://heart.bandcamp.com/album/area-3,vancouver,25.8,13,2020-04-13T00:00.000Z,https://i.scdn.co/image/ab67616d00001e028ab3a40d55ad9e7048820e09,3P5koWkXz7oA0rZQ1P09kF,18mbSJTTn9mHCc5aZMfWR4
botfly,At Home With Alex,punk,https://botfly.bandcamp.com/album/at-home-with-alex,novascotia,25.733,14,2020-04-12T00:00.000Z,https://i.scdn.co/image/ab67616d00001e025c9947fd44d2928df9aafa34,1WfEVXWhC3vOJugNR7Ef1C,7GVU1kUwgpaoVZS8eHr64K
Shallow End,WEB // OF // LIES,punk,https://shallowend.bandcamp.com/album/web-of-lies,victoria,25.667,5,2020-04-20T00:00.000Z,https://i.scdn.co/image/ab67616d00001e02fe70eef7d42e94c8b1d1d585,6V0r3vQEHEGx3R7maUMCIS,3JObEYEX3r3pAvJqMFukH7
Ultraklystron,Just You Wait and See,hip-hop/rap,https://ultraklystron.com/album/just-you-wait-and-see,victoria,25.667,5,2020-04-20T00:00.000Z,https://i.scdn.co/image/ab67616d00001e02845b221f034a01a972f432c3,0d4Eq4uXqpXh1yInmRKcFc,3oZ7SsUW4wmvVLlRrbwadH
Melo.Nade,A Melo Symphony,electronic,https://melo-nade.bandcamp.com/album/a-melo-symphony,calgary,25.667,5,2020-04-20T00:00.000Z,https://i.scdn.co/image/ab67616d00001e02ccc03463ac897667a49aea29,4Cksw38PKgKeUZqLIb19JC,68TnV7z3MqRXWohoQkWfEj
GGerry Lemon,Triathlon,electronic,https://ggerrylemon.bandcamp.com/album/triathlon,ottawa,25.333,0,2020-04-24T00:00.000Z,https://i.scdn.co/image/ab67616d00001e02bf6621dfa9b760327a96c4bd,3dNBRYgvQAEddSNL8eG6Rt,5ysAmHZMzwmTeWTIKmt1Kt
Necat,Ineptire,alternative,https://necatofficial.bandcamp.com/album/ineptire,newbrunswick,25.333,0,2020-04-24T00:00.000Z,https://i.scdn.co/image/ab67616d00001e026980c13d6231dd204fe80279,1STf8RgL5js0Se9Wmciick,6BxB0tevBzhScHXmfW0mvF
sleepgels,MAXIMUM DOSE,electronic,https://sleepgels.bandcamp.com/album/maximum-dose,edmonton,25.333,0,2020-04-24T00:00.000Z,https://i.scdn.co/image/ab67616d00001e023489d5ba5e718aa7cbde8cf1,2pxIyN6F5cJfCGIbu4sb4d,3xPYOlVfO8ZBEN0tzNRAhX
Creeping Chill,Creeping Chill,punk,https://creepingchill.bandcamp.com/album/creeping-chill,edmonton,25.333,0,2020-04-24T00:00.000Z,https://i.scdn.co/image/ab67616d00001e02670f7bfe37b25eacafa396fb,4dWLBs5BzjgtGk8JR1Ig30,18iob9zg0DIbkFQpugLdHW
Jack Lumber Band,Jack Lumber Band,rock,https://jacklumberband.bandcamp.com/album/jack-lumber-band,calgary,25.333,0,2020-04-24T00:00.000Z,https://i.scdn.co/image/ab67616d00001e0249f8bf37df54218b22054226,0RJ0ntkRBFPKEnT0qaldGe,3rdhmul18if699eTjizYDu
BBJ,Sailboat Demos,alternative,https://bbjmusic.bandcamp.com/album/sailboat-demos,calgary,25.333,0,2020-04-24T00:00.000Z,https://i.scdn.co/image/ab67616d00001e0250d5369e613722befdbf2c3e,4fgizZNbm442Oxox9yWQ38,53DWnnYVPDiqySOrLlPz2g
Famous Phrases,The Sheriff Came Knocking,alternative,https://famousphrases.bandcamp.com/album/the-sheriff-came-knocking,manitoba,25.333,0,2020-04-24T00:00.000Z,https://i.scdn.co/image/ab67616d00001e02db975a2a135e342975bb1650,4oIjgoXE9vIE0jiX8ifYYg,1ryn8ulXbnle9UvM1df3rr
Fortunato Durutti Marinetti,Desire,alternative,https://fortunatoduruttimarinetti.bandcamp.com/album/desire,toronto,25.2,2,2020-04-22T00:00.000Z,https://i.scdn.co/image/ab67616d00001e0292c60959f6126d38cc309f58,69CYLZDf5gnlmwapfFYoXi,0bDek27mr5VViaDcqhI12h
Quiet Parade,The Will To Weather The Storm,folk,https://quietparade.bandcamp.com/album/the-will-to-weather-the-storm,novascotia,24.867,7,2020-04-17T00:00.000Z,https://i.scdn.co/image/ab67616d00001e029dde93c4357c36762c969751,2v8uCxlAvemDhfWVS3qTxm,7pkxrx36rBvwa58fB1rtj4
Solotet,Passions Violently Choked,experimental,https://solotet.bandcamp.com/album/passions-violently-choked,alberta,24.667,0,2020-04-23T00:00.000Z,https://i.scdn.co/image/ab67616d00001e02eeed671b99956c5c25b8beb6,7vO72QSkJBZ7MWvIEmFiTi,2SAHzxg1bGJwVFc2yEDnxq
howiewonder,surface,experimental,https://howiewonder.bandcamp.com/album/surface,victoria,24.333,35,2020-03-22T00:00.000Z,https://i.scdn.co/image/ab67616d00001e02d0dad07b29860454265bd578,34bouPObcdWR9o1pPTueHw,6tLB3u0PouAAwQXDRFuiSk
The Tenenbaums,"God damn it, you've got to be kind",punk,https://thetenenbaums.bandcamp.com/album/god-damn-it-youve-got-to-be-kind,ottawa,23.933,1,2020-04-21T00:00.000Z,https://i.scdn.co/image/ab67616d00001e023c21f2c4a783da846e90a581,7KdtswtYVg3gIwpEF8ODwc,2QmuvYTTeeLJv7txCl6Luf
Adam Bay,Luna's Light,folk,https://adambay.bandcamp.com/album/lunas-light,victoria,23.933,1,2020-04-21T00:00.000Z,https://i.scdn.co/image/ab67616d00001e02b54f1b3730931e92e12a4c97,7qbgAtGonpSbbqunamA4cu,7xLWxZKTGa90cIKIDSbFCx
Underfelt,Mausoleum_v,electronic,https://underfelt23.bandcamp.com/album/mausoleum-v,edmonton,23.933,1,2020-04-21T00:00.000Z,https://i.scdn.co/image/ab67616d00001e029347874aa5c2e896a87ff8ef,0buS9vIkPjmaNJHRKQvRjO,1dFoajLrLsDCZwx3SpGOM6
Familiars,All In Good Time,rock,https://familiarsmusic.bandcamp.com/album/all-in-good-time,toronto,23.8,13,2020-04-10T00:00.000Z,https://i.scdn.co/image/ab67616d00001e020e5585befa409ae40ba60acc,3Bp4s7WUB2z6vPUGnYkIf2,4uprpW6W5uJorD6aIzFNH2
Zakary Miller,I'm New Here,country,https://zakarymiller.bandcamp.com/album/im-new-here,novascotia,23.267,1,2020-04-20T00:00.000Z,https://i.scdn.co/image/ab67616d00001e02818bebc739da0f0cd1d58e0f,5JDanPvvHHYLhAF2Y3mkgW,7jzBdQujMa7VVZ7eAVQrtJ
Hollow Oax,HOLLOW OAX,experimental,https://hollowoax.bandcamp.com/album/hollow-oax,saskatchewan,23.267,1,2020-04-20T00:00.000Z,https://i.scdn.co/image/ab67616d00001e023d79f4809156af3c8c341b9f,2UcdncGZ6Qtapt6YxCjA7U,6nq2QhoIAQ3ov9Dfznq2Ww
The Dog Indiana,Never,punk,https://thedogindiana.bandcamp.com/album/never,victoria,23.267,1,2020-04-20T00:00.000Z,https://i.scdn.co/image/ab67616d00001e023598c0d388dd1e8495a7fd0a,18D35UFqT8jFYAhpMSmBOy,53TGt2EWHRso08iTsYBaYl
wanderingaria,The soundless sleep,electronic,https://wanderingaria.bandcamp.com/album/the-soundless-sleep,calgary,23.267,1,2020-04-20T00:00.000Z,https://i.scdn.co/image/ab67616d00001e02782fcfba3e2c35cf736f8823,1naykFC5EOcwbHEqhB0yfl,2nD5kMa3ZLifGqLYKdZ47b
Loser Points,Games We Play To Hide,punk,https://loserpoints.bandcamp.com/album/games-we-play-to-hide,edmonton,23.133,13,2020-04-09T00:00.000Z,https://i.scdn.co/image/ab67616d00001e02b92050f86666e2e3903b2751,5TBfcyxyDDgmaL6egrDJRF,33HHP9FDGdlkd1wlqn5ioS
Alien Baby Girl,No Future,rock,https://alienbabygirl.bandcamp.com/album/no-future,ottawa,23.067,4,2020-04-17T00:00.000Z,https://i.scdn.co/image/ab67616d00001e027018c92087f89e1dc10eb2a8,0T9hI0tcGIS78NT8dg7Tu9,6U2uATLR0PR0MpGGMwitFi
Sky Kyd,Get Over It,electronic,https://skykyd.bandcamp.com/album/get-over-it,novascotia,22.667,0,2020-04-20T00:00.000Z,https://i.scdn.co/image/ab67616d00001e02872b5c1a607626ffcaf72f2b,6LOIutzBKzJnNZTVeEDUye,10veklJnGiGIpOg7dwNACX
Harga Descending,Communal Scream,ambient,https://hargadescending.bandcamp.com/album/communal-scream,calgary,22.667,0,2020-04-20T00:00.000Z,https://i.scdn.co/image/ab67616d00001e02f702a9cae53da11db8f2e777,6458v11cpr4s6WYPkqOlp3,6g9e8t6mAcau1Bh0bP7CWX
WESTMNSTR,Love Music Memories,rock,https://westmnstr.bandcamp.com/album/love-music-memories,manitoba,22.667,0,2020-04-20T00:00.000Z,https://i.scdn.co/image/ab67616d00001e02468b9a1b2b7ddd3adf86cb64,1PtPpaPTnCZINA5grUEPu9,5LBe1lxoBHWqjVhAWTAzut
flecton big sky,Dreams My Brain Left Out: 1996-2016,alternative,https://flecton.bandcamp.com/album/dreams-my-brain-left-out-1996-2016,ottawa,22.467,3,2020-04-17T00:00.000Z,https://i.scdn.co/image/ab67616d00001e02a80a5ac10e8dd1a3476efd40,282ZZ4UaGTMo0weB5KzgyD,25KnNaal7eakPAOJvnpXmb
Landos,Television,acoustic,https://landos.bandcamp.com/album/television,calgary,22.467,3,2020-04-17T00:00.000Z,https://i.scdn.co/image/ab67616d00001e02423f3c471ea573522f808aaa,6YAhgSjs3vSBzIx83I0KFE,6NGNG5cJMRQPXDDEMUXITy
Dragon Fli Empire,Banff Avenue,hip-hop/rap,https://makebelievehiphop.bandcamp.com/album/banff-avenue,calgary,22.2,27,2020-03-26T00:00.000Z,https://i.scdn.co/image/ab67616d00001e02c44ad34640374cb403d9bc25,1uNnuGY7TeRZF5GlQp9gtJ,7pINBiGkyGRA50rqXQmFZd
The Rezonator,Future War,electronic,https://therezonator.bandcamp.com/album/future-war,ottawa,22.0,0,2020-04-19T00:00.000Z,https://i.scdn.co/image/ab67616d00001e02d3145b18d415a243c8578279,7mKE79MBnXxNVYSzfWrjRw,0dT4uGHPgUU5uyrTSy2Tk0
Tony Maigua,Yana Yurak Demo .feat Tony Maigua,rock,https://tonymaigua.bandcamp.com/album/yana-yurak-demo-feat-tony-maigua,saskatchewan,22.0,0,2020-04-19T00:00.000Z,https://i.scdn.co/image/ab67616d00001e02484160799adb4c821216540c,656xa7OLp8OGaIlzGZtua1,0SndIsxwQDomIDvf1SSETr
Soap Opera,Be Fine,alternative,https://soapoperaband.bandcamp.com/album/be-fine,newfoundland,22.0,10,2020-04-10T00:00.000Z,https://i.scdn.co/image/ab67616d00001e024416e89ede5ca5e3b16b71fc,6fJOh0SQFwnNAwYwPRLfdt,7Lhb6GfQ7SwZg6MkTBgZ8e
Timing X,"Big Hit, Happy Body",electronic,https://timingx.bandcamp.com/album/big-hit-happy-body,victoria,22.0,0,2020-04-19T00:00.000Z,https://i.scdn.co/image/ab67616d00001e02b43d652693d8d5d0efa031e9,6YwUqVZslggXXINkuQvJCn,24zeC7R0HAkcQkB3z1Z040
Brode,Melancholia,hip-hop/rap,https://brode.bandcamp.com/album/melancholia,manitoba,22.0,0,2020-04-19T00:00.000Z,https://i.scdn.co/image/ab67616d00001e02e30f2828967eca1610770fb6,5SaeXnsISO4ZwTXAYnXQ4O,2CrRgiZp1YHcddtOuDn36t
The Strange Valentines,Forks,folk,https://thestrangevalentines.bandcamp.com/album/forks,novascotia,21.933,1,2020-04-18T00:00.000Z,https://i.scdn.co/image/ab67616d00001e02ba25766f5ce130d7032c2be1,7DLFkkuvXKjJxVb1mqe0OO,2byvpI4x9Bixve1hhQ66uS
Flashback,Heathen Of Influence,rock,https://flashback-yyc.bandcamp.com/album/heathen-of-influence,calgary,21.867,2,2020-04-17T00:00.000Z,https://i.scdn.co/image/ab67616d00001e020a89098fb1a27391f4d94436,7JlLunud5j5H55eay6G9qx,0pStsz9PV5qxTARxYgoAig
Torso,oblivious,electronic,https://torso-edm.bandcamp.com/album/oblivious,edmonton,21.333,0,2020-04-18T00:00.000Z,https://i.scdn.co/image/ab67616d00001e021c7667a64b887c63f26b4cd7,44h2MjaMbHyY8UXfV5kW9f,2RSVsbyU5vpryxf37210sd
Doug Rice,North To Alaska,country,https://dougrice1.bandcamp.com/album/north-to-alaska,calgary,21.333,0,2020-04-18T00:00.000Z,https://i.scdn.co/image/ab67616d00001e02f52d1040d57770d88cd4f7aa,45UQqf4s3AjrwlAnogGDRs,4jvQMdCbmeezaHmyhT6okD
Golden Dinosaurs,Holocene,alternative,https://goldendinosaurs.bandcamp.com/album/holocene,calgary,21.333,0,2020-04-18T00:00.000Z,https://i.scdn.co/image/ab67616d00001e024cf905ac75b6b70f58d41332,5Har6ZABDluvqXr9hKLLzx,6YNA4MTKwU8FlQ20wcKg7P
Troy No,Streams Of Memories,electronic,https://troyno.bandcamp.com/album/streams-of-memories,ottawa,21.267,1,2020-04-17T00:00.000Z,https://i.scdn.co/image/ab67616d00001e021bfee72f274a42f353adc8b8,1mOaIe8biDj318Q8rZiNpv,1FAu8tXczUIqXu12Po2Vtf
mosst ghost,Carving Grounds,electronic,https://mosstghost.bandcamp.com/album/carving-grounds,calgary,21.267,1,2020-04-17T00:00.000Z,https://i.scdn.co/image/ab67616d00001e0280bb70effb7e4e1eedfbd1a9,3nC4NsOksJXfg18D5he0Xi,7dxBsahlg9V3DehCf8xKPl
Laura Halvorsen,Sunday,pop,https://laurahalvorsen.bandcamp.com/album/sunday,calgary,21.267,1,2020-04-17T00:00.000Z,https://i.scdn.co/image/ab67616d00001e029f514493d3953480a489620f,3S8AFnDLAmtW09XmoR5KF2,53pU8WQwO7aEc8dAcNaezG
Ian William Craig,Red Sun Through Smoke,ambient,https://ianwilliamcraig.bandcamp.com/album/red-sun-through-smoke,vancouver,21.2,32,2020-03-20T00:00.000Z,https://i.scdn.co/image/ab67616d00001e02f5d5628f1b8e8cadeef80017,3enbyVCFFfqbjyUQZWYRyN,0romFcKJdf5jOe6S8row0Q
Murge,Here We All Are,electronic,https://murgemusic.bandcamp.com/album/here-we-all-are,victoria,21.067,24,2020-03-27T00:00.000Z,https://i.scdn.co/image/ab67616d00001e022b2e5124edeb3993dbe3abe8,7FxKZjU2LPwRrSQZvfXmPy,3ykuLH14n05EsgIRDZER5W
See Through 4,"False Ghosts, Minor Fears",experimental,https://all-set.bandcamp.com/album/false-ghosts-minor-fears,toronto,20.667,0,2020-04-17T00:00.000Z,https://i.scdn.co/image/ab67616d00001e0210c7eec79a687af209104798,4rMsL3KHAnEkN3fhURYnSz,0KFPwe4527a8uPmxeQhNtp
Tooth & the Fang,Songs from the Broadview Wind Tunnel,folk,https://toothandthefang.bandcamp.com/album/songs-from-the-broadview-wind-tunnel,newbrunswick,20.667,0,2020-04-17T00:00.000Z,https://i.scdn.co/image/ab67616d00001e02bd4ebb07edef306cc6b1d1c0,74jpxp01nwvUyzSEMiR8lD,2tcS8YBVjlbTCZudxopW2G
Blaine Forrest,Limit Testing Simulation,ambient,https://blaineforrest.bandcamp.com/album/limit-testing-simulation,edmonton,20.667,0,2020-04-17T00:00.000Z,https://i.scdn.co/image/ab67616d00001e02115a6ea753ab68575a54416e,1O1jGgHvOqIh0EUiRfFbD8,3bmaGbFZfyKdblyUZRijLK
Fetus Blasters,Friendly Furs,experimental,https://fetusblasters.bandcamp.com/album/friendly-furs,calgary,20.667,0,2020-04-17T00:00.000Z,https://i.scdn.co/image/ab67616d00001e02c4dc1edafa8ecf79c4c91b4a,2LVa4LcYvUhE9qiWzgJHDm,3hj394jHWulqTLZyxQLsvO
Aband*nthecar,Use Somebody,pop,https://abandonthecar.bandcamp.com/album/use-somebody,manitoba,20.667,0,2020-04-17T00:00.000Z,https://i.scdn.co/image/ab67616d00001e024ee3f7ef789d5702995fb088,4uJBL1g1DcqvvnH1b7g6Oj,2Uzt3a47uSOFwUqQ6U3gEQ
David Souza,Traces of Time,soundtrack,https://davidsouza.bandcamp.com/album/traces-of-time,quebec,20.667,0,2020-04-17T00:00.000Z,https://i.scdn.co/image/ab67616d00001e022ea2a2dcd8cd61d85130f8b4,477NaZpmw44bbCoau0Jre2,2NUbiH9vu59WgqIiqyzWHE
Taylor Ackerman's Global Acid Reset,Perfect Vision,rock,https://taylorackerman.bandcamp.com/album/perfect-vision,alberta,20.6,1,2020-04-16T00:00.000Z,https://i.scdn.co/image/ab67616d00001e0222830ba6a2957a4add57b978,0kEda0R8C8NYxkvcz0pxUK,4FQ99EWnKq32oqxcrteqnR
Monsters Who Sleep,X,folk,https://monsterswhosleep.bandcamp.com/album/x,novascotia,20.467,3,2020-04-14T00:00.000Z,https://i.scdn.co/image/ab67616d00001e02fa73ce414327b857069f1c86,2vD8V1IgijI7pPFtuBxYZk,0mjOhf8Geeyzpnd9VLpEtb
Milksnake,Fad Lava,alternative,https://milksnake.bandcamp.com/album/fad-lava,novascotia,20.4,4,2020-04-13T00:00.000Z,https://i.scdn.co/image/ab67616d00001e0221886ec301c8b3b58021495e,2tj38zgLIJcAhkMmjGBuBv,1GYsxAA6eAFusD3oCCgvTk
Ride Til Dawn,The Glass Mirage,rock,https://ridetildawn1.bandcamp.com/album/the-glass-mirage,saskatchewan,20.133,18,2020-03-31T00:00.000Z,https://i.scdn.co/image/ab67616d00001e02067d7a8e959137f776a73b39,5eRyzgX34eazWC87RMsyY3,5FWkEuTm012ufks22XnULr
AVRIG,Shruggles,electronic,https://avrig.bandcamp.com/album/shruggles,calgary,20.0,0,2020-04-16T00:00.000Z,https://i.scdn.co/image/ab67616d00001e02a36e43cac4c06e5729aa6152,3iSn7BvikBdYm8hBop0oFm,0ce20r5bGLivEdXdvn8yMR
AVRIG,NOIDS,electronic,https://avrig.bandcamp.com/album/noids,calgary,20.0,0,2020-04-16T00:00.000Z,https://i.scdn.co/image/ab67616d00001e0223cbb747946c012fac15037b,1LlSn64Vig1NuZzXSR3F79,0ce20r5bGLivEdXdvn8yMR
Bud,The Miner 49er,punk,https://budtheband.bandcamp.com/album/the-miner-49er,calgary,20.0,0,2020-04-16T00:00.000Z,https://i.scdn.co/image/ab67616d00001e02f3f5a24676a10ae70e114f1f,7cxpORuiIo7HVHN145Q4wk,6gGG1FiH3HBoRVSwxWdqOP
Levi Edward,It's Only Love / All That I End Up Knowing,folk,https://leviedward.bandcamp.com/album/its-only-love-all-that-i-end-up-knowing,manitoba,20.0,0,2020-04-16T00:00.000Z,https://i.scdn.co/image/ab67616d00001e0290db65d912e092d7d488c8a9,402f7oaHLO2fJm3Lj4PJek,4RRBlpVj9i9nsNgCYn33f7
Organ Eyes,Spirits on Acid,rock,https://organeyes.bandcamp.com/album/spirits-on-acid,ottawa,19.933,1,2020-04-15T00:00.000Z,https://i.scdn.co/image/ab67616d00001e02603f4cc3ed6dee73c9795858,52Ldg0Bb5tdflhoPsQ6Oue,4JxAJWLw0DIhHdWRrBXmU3
Mooki,Mooki Tape,hip-hop/rap,https://fourthquarterrecords.bandcamp.com/album/mooki-tape,manitoba,18.867,7,2020-04-08T00:00.000Z,https://i.scdn.co/image/ab67616d00001e02f1618f971aa2bae508aaf5b4,7eaZkds8vvu2YaCaYIQ0f4,0UDTHZVE2QGS0biZN9roy1
Dead Friends,Wells,alternative,https://deadfriendss.bandcamp.com/album/wells,edmonton,18.4,14,2020-04-01T00:00.000Z,https://i.scdn.co/image/ab67616d00001e02abf90928f6e6af356e2d8c0b,0LuCoh9OGjjxAuFMZjVlhZ,0FnqudXSSLgWXRR5zRu8je
LEO,LAMN,hip-hop/rap,https://leoofficiel.bandcamp.com/album/lamn,quebec,17.8,23,2020-03-23T00:00.000Z,https://i.scdn.co/image/ab67616d00001e02fb4c81e443999575118e8a6c,4Alavggfud1Uwb8lX1BVlA,6kBNAFstoe1YFduEbD0kRX
Yoyu,Fifth Dimension Cuddle,electronic,https://nomorewords.bandcamp.com/album/fifth-dimension-cuddle,manitoba,17.6,6,2020-04-07T00:00.000Z,https://i.scdn.co/image/ab67616d00001e02e9ae5c0150603a4d392a8d81,1uxC86m73bsf6etN8gBehH,3pfhqDnOYI7iPB0DvYbZFA
Century Egg,We Can Play,pop,https://centuryegg.bandcamp.com/album/we-can-play,novascotia,17.333,0,2020-04-12T00:00.000Z,https://i.scdn.co/image/ab67616d00001e02183a727695f78e85e73d3e69,3OBDarsySFRREfV02rm6PQ,2UY3EU7BNkj7TfViFfz7uv
Tony Maigua,Beautiful Valley,rock,https://tonymaigua.bandcamp.com/album/beautiful-valley,saskatchewan,17.333,0,2020-04-12T00:00.000Z,https://i.scdn.co/image/ab67616d00001e02c3fc062d3f290144d004d77a,46qU3Lkvhx9qxyKXmZ2u84,0SndIsxwQDomIDvf1SSETr
Dandelion Film,Western Paradox,electronic,https://dandelionfilm.bandcamp.com/album/western-paradox,calgary,17.333,0,2020-04-12T00:00.000Z,https://i.scdn.co/image/ab67616d00001e022e2912293c70e2c644aedd88,5xlIt0ECON5z6HnL4AtANk,2xaknV2fBbBgvE4V4wNALd
Witch Prophet,DNA ACTIVATION,r&b/soul,https://witchprophet.bandcamp.com/album/dna-activation,toronto,17.267,21,2020-03-24T00:00.000Z,https://i.scdn.co/image/ab67616d00001e020e6d1bf827e404f0f9378238,3VlTOwf87xojjanv4BzZ0t,5AkXlAsYDGWVZIYOhboeSM
Sean Irvine,Sean Irvine: The Oak & Alley Chapter,jazz,https://seanirvine.bandcamp.com/album/sean-irvine-the-oak-alley-chapter-2,manitoba,17.267,1,2020-04-11T00:00.000Z,https://i.scdn.co/image/ab67616d00001e02f3f20c61b748dba2a766ffed,2uYfGOs78hJX28dv8dYNTU,2v8I8dvijLJ9wwy6HgmXJG
Williston Irvine,Songs of Old and Windsor,acoustic,https://willistonirvinemusic.bandcamp.com/album/songs-of-old-and-windsor,novascotia,17.2,2,2020-04-10T00:00.000Z,https://i.scdn.co/image/ab67616d00001e02acfe3d0db64cdb659ea911df,0rBm7RInKx74EkAeTITc2Y,2qpbx4J8MkQufZUpTgiRtJ
Bruce Trail,Only Sea,electronic,https://brucetrail.bandcamp.com/album/only-sea,toronto,17.0,25,2020-03-20T00:00.000Z,https://i.scdn.co/image/ab67616d00001e02681692171638aa4a414a0375,0R1QqRGfqUcJMgxfYIL7GO,05JaKRX17X09A0GW4xDKg4
Anastasia Minster,Father,jazz,https://anastasiaminster.bandcamp.com/album/father-2,toronto,16.667,10,2020-04-02T00:00.000Z,https://i.scdn.co/image/ab67616d00001e0282536a3a01d2ea5d5b8fbf72,3AukaCaOZ1a5eLfNyeLqmA,2q3ClJmvQ8JmaKOCcgv5Gs
Casimir Gruwel,Casimir Gruwel,folk,https://casimirgruwel.bandcamp.com/album/casimir-gruwel,manitoba,16.533,2,2020-04-09T00:00.000Z,https://i.scdn.co/image/ab67616d00001e020b7f4c2911b3c9ebe5af1c9b,6uwzA7Bg4bf6bx3i1tApzP,1QngGW8mjX6g0xe3PaCCW4
Marlaena Moore,"Pay Attention, Be Amazed!",alternative,https://marlaenamoore.bandcamp.com/album/pay-attention-be-amazed,edmonton,16.267,16,2020-03-27T00:00.000Z,https://i.scdn.co/image/ab67616d00001e0211048ed4c6e72a376154eb32,3QzDX1Du81MgsYZJtG7lkj,7pQkZqbjpPBc7As4h4uUwF
Bingle Bastard,Soul Destroyer,acoustic,https://rileyhill.bandcamp.com/album/soul-destroyer,novascotia,16.0,0,2020-04-10T00:00.000Z,https://i.scdn.co/image/ab67616d00001e02214efc9443d2e736dc60fbda,7142RbG4ilFuq7x8m6wzFT,3qxfHsJV1dwCigMwgZ29wI
Stone,Sunset City,jazz,https://stone163.bandcamp.com/album/sunset-city,ottawa,16.0,0,2020-04-10T00:00.000Z,https://i.scdn.co/image/ab67616d00001e02aa0e8219fd34a1ef7abf4a86,6Ts6DwMZIWDJvYbczArVn1,5FZDy06VI5kCT5YQ6kuZM2
Jung Shadow,No One Left To Disappoint,punk,https://jungshadow808.bandcamp.com/album/no-one-left-to-disappoint,ottawa,16.0,0,2020-04-10T00:00.000Z,https://i.scdn.co/image/ab67616d00001e0265bc8819871ed2d83382b0b5,1jNPbPPahvaRBwKYsJK3Zv,4WyruCcd8ZZo0QBEHff9C5
Heavy Trip,Heavy Trip,rock,https://heavytripdudes.bandcamp.com/album/heavy-trip,vancouver,15.733,14,2020-03-28T00:00.000Z,https://i.scdn.co/image/ab67616d00001e0242d79654ea5899018a44e697,5300nWqFTLZzcdzOIsuOvq,0ecYpP3fC3I9R06kvuY0jM
Sussy,Show & Tell,pop,https://sussy.bandcamp.com/album/show-tell,victoria,15.533,7,2020-04-03T00:00.000Z,https://i.scdn.co/image/ab67616d00001e022737d2579beb30afcb550c9a,774sIPjFfkDVrAaQV3AzPL,5KYjDVcVYFOxGcF6zKjZCd
Rabino,Boys of Bel-Aire,r&b/soul,https://rabino.bandcamp.com/album/boys-of-bel-aire,calgary,15.067,14,2020-03-27T00:00.000Z,https://i.scdn.co/image/ab67616d00001e024d9dafd867ffd5e7d1f1822e,5cDhFrNdi23zH8ZPaT1AbL,52pVsY60ZFaVVWloypQPD3
Lyndsie Alguire,Sins Against Truth,ambient,https://lyndsiealguire.bandcamp.com/album/sins-against-truth,montreal,14.933,6,2020-04-03T00:00.000Z,https://i.scdn.co/image/ab67616d00001e0287472c45f8617e2c0e8827cf,6SklJuAHr9NjiRN0h57LSi,2ccPuyFIeFmNpKb9ZVOlBc
noca project,(a)live,folk,https://nocaproject.bandcamp.com/album/a-live,calgary,14.467,3,2020-04-05T00:00.000Z,https://i.scdn.co/image/ab67616d00001e02231843e27b692aee661fa840,5AzLpIuPbOHQCa3vTIKGXP,3A32jC9oyAJx5DOqFePBaM
Distance Learning,Deep Water Libraries,ambient,https://driftlabel.bandcamp.com/album/deep-water-libraries,calgary,14.333,5,2020-04-03T00:00.000Z,https://i.scdn.co/image/ab67616d00001e02e1b15c93d51bb5b3f9f7ffce,6rt2blsHAQ4cgIdOjhieTK,4Byw0YeJkvPWdwrNZXGn5u
feel alright,Coming True / In Your Eyes,pop,https://feelalright.bandcamp.com/album/coming-true-in-your-eyes,calgary,13.933,1,2020-04-06T00:00.000Z,https://i.scdn.co/image/ab67616d00001e020f634ade6172dc0d6fc3d43a,14jQ1G5GMKGEpubmghhJaP,7jA9upEQqLWj9vncHWeK6I
Sueños Electrónicos,Guerra Electrónica,electronic,https://suenoselectronicos.bandcamp.com/album/guerra-electr-nica,novascotia,13.333,0,2020-04-06T00:00.000Z,https://i.scdn.co/image/ab67616d00001e021560cd18693f106e70a901b5,4bwaQic22PoLMJcLXnJ4RH,2OFO6mLBNor4Gj6yG4Qqu1
Nick Storring,My Magic Dreams Have Lost Their Spell,experimental,https://nickstorring.bandcamp.com/album/my-magic-dreams-have-lost-their-spell,toronto,13.267,11,2020-03-27T00:00.000Z,https://i.scdn.co/image/ab67616d00001e02b8523f44fd03247af799c648,0UiUFt9f3FCSk0paxhkUXa,3eLda5nrhivbKY1bNJgICp
Amanda Jackson Band,OCEAN,pop,https://amandajacksonband.bandcamp.com/album/ocean,pei,13.0,5,2020-04-01T00:00.000Z,https://i.scdn.co/image/ab67616d00001e02d793705fc85c28b6d12d5e6a,5bzQOredYZZ0gV4bRNbg0P,1rsnYoKcEZ9G1DdqSGzoYm
Brandon Lin,affection // promise,jazz,https://brandonlin.bandcamp.com/album/affection-promise,vancouver,12.667,0,2020-04-05T00:00.000Z,https://i.scdn.co/image/ab67616d00001e02776ba456b6d4bb842ad05839,1lLw5LIp47sUg4nA4leOwA,34uAT9ljsrLL2g7kx8lDZW
Kynduum,Neurisol,ambient,https://kynduum.bandcamp.com/album/neurisol,newbrunswick,12.667,0,2020-04-05T00:00.000Z,https://i.scdn.co/image/ab67616d00001e022b499be1ae4e5e84f73c7f83,3UGM871FwhtN0PN5ZPTzRu,3jzxdph7Uww3QIUkp3o74b
Jordano Martinez,Self-Isolation,electronic,https://jordanomartinez.bandcamp.com/album/self-isolation,calgary,12.667,0,2020-04-05T00:00.000Z,https://i.scdn.co/image/ab67616d00001e029896d1b23053bcbc80c116ba,5GjWuTCUHgWfr55QQ6wIBa,1NolJXUK4gSdTDWNvcYz29
KO Clancy,RUN THE MICS,hip-hop/rap,https://koclancy.bandcamp.com/album/run-the-mics,victoria,12.6,1,2020-04-04T00:00.000Z,https://i.scdn.co/image/ab67616d00001e02daeee039acf2605191338be5,5AW0HO48RRHqt0n5b2WEnT,0PRPJgaI7G3tc9pk5nW9b7
Meta,Urabus,electronic,https://meta14.bandcamp.com/album/urabus,edmonton,12.533,2,2020-04-03T00:00.000Z,https://i.scdn.co/image/ab67616d00001e02a0c076fd1ac461051d2d81bb,1nXLOQbA9bqJJ27qC8JRpC,4lZYxd4gadfhoR2rWBHMsk
niimo,Helium,hip-hop/rap,https://niimobeats.bandcamp.com/album/helium-2,pei,12.4,14,2020-03-23T00:00.000Z,https://i.scdn.co/image/ab67616d00001e02acffedd2a5f98b47b6a822e8,503DwLL1s0UxBbeco1nFbZ,2Fyn0k2HSVrhl6L6CRT1Bl
Fever Feel,"Less Precious, Pt. IV",rock,https://feverfeel.bandcamp.com/album/less-precious-pt-iv,victoria,12.067,9,2020-03-27T00:00.000Z,https://i.scdn.co/image/ab67616d00001e024aeffb6d2f49edfbbc77ed00,1UJabIdFlh7BjL3d3NACZe,0feZzPyMeYFchi4LJqT094
Tony Maigua,African Fuck,rock,https://tonymaigua.bandcamp.com/album/african-fuck,saskatchewan,12.0,0,2020-04-04T00:00.000Z,https://i.scdn.co/image/ab67616d00001e02efd5e9f62f56828cdc055a6a,4GHNWsXZNDTOghfgOp0JvF,0SndIsxwQDomIDvf1SSETr
Tony Maigua,Akapana,rock,https://tonymaigua.bandcamp.com/album/akapana,saskatchewan,12.0,0,2020-04-04T00:00.000Z,https://i.scdn.co/image/ab67616d00001e028d462595855997f48baee0a1,3091HaT2C37eAVXg3NZuYV,0SndIsxwQDomIDvf1SSETr
Tony Maigua,Ronin Experiment,rock,https://tonymaigua.bandcamp.com/album/ronin-experiment,saskatchewan,12.0,0,2020-04-04T00:00.000Z,https://i.scdn.co/image/ab67616d00001e02b6ae7b7d609858de925e6437,62CmxzYPhcVCEa5TbJSulq,0SndIsxwQDomIDvf1SSETr
Floristry,"The Longing, Long After",alternative,https://floralmusicgroup.bandcamp.com/album/the-longing-long-after,newbrunswick,11.933,1,2020-04-03T00:00.000Z,https://i.scdn.co/image/ab67616d00001e024aecd693666467ce1eb6b9b0,4bJ8aDhq9jH9yKLXAc33z7,5GEIRCN1QHK4syBLuQjjyv
Kaela Cordero,To All My Exes I've Loved Before,pop,https://kaelacordero.bandcamp.com/album/to-all-my-exes-ive-loved-before-2,ontario,11.933,1,2020-04-03T00:00.000Z,https://i.scdn.co/image/ab67616d00001e0277936f7e9ace2129ff822b32,5X7ZkF5VertitFHNW5yzTK,6Vmlf4oZwcBS1dgjO9MUMl
Black Thunder,La Fine Creata,rock,https://blackthunder.bandcamp.com/album/la-fine-creata,saskatchewan,11.867,2,2020-04-02T00:00.000Z,https://i.scdn.co/image/ab67616d00001e0208e4b616b2401c0594af3eb5,0mCxE2swR3rB1QyjbAHXWX,2nZro8ikZRzMfGfL0MifTP
Are You Afraid Of The Dog,dark,electronic,https://ayaotd.bandcamp.com/album/dark,ottawa,11.8,3,2020-04-01T00:00.000Z,https://i.scdn.co/image/ab67616d00001e0259d6eda7e52786ec8c068050,622rrSTnPOvbPYmEDWv9dL,5xG3jj3gU0A3fD2iKurjOu
Amy Nash,Gimpy McNashty,hip-hop/rap,https://amynash.bandcamp.com/album/gimpy-mcnashty,victoria,11.333,0,2020-04-03T00:00.000Z,https://i.scdn.co/image/ab67616d00001e02aabc931fc9897628e39c37b2,0vPdJreAGEk5aIuj2O1j2n,3w8Zjlpr9c7lury0wgLCWr
Sun Up Sun Down,Sun Up Sun Down / Still There Split,punk,https://sunupsundown.bandcamp.com/album/sun-up-sun-down-still-there-split,edmonton,11.333,0,2020-04-03T00:00.000Z,https://i.scdn.co/image/ab67616d00001e029eafaee4c89444d4510aeba2,05KG1ART55t4CMt4sr3Zt0,0cQMQK6ddJmS8CYujbZa9p
Still There,Sun Up Sun Down / Still There Split,punk,https://stillthere.bandcamp.com/album/sun-up-sun-down-still-there-split,calgary,11.333,0,2020-04-03T00:00.000Z,https://i.scdn.co/image/ab67616d00001e029eafaee4c89444d4510aeba2,05KG1ART55t4CMt4sr3Zt0,0cQMQK6ddJmS8CYujbZa9p
Slingshot Miracle,All Your Mirror Gods,rock,https://slingshotmiracle.bandcamp.com/album/all-your-mirror-gods,calgary,11.333,0,2020-04-03T00:00.000Z,https://i.scdn.co/image/ab67616d00001e023966cebf7a104be94484c4df,68zlj5u7XtlWzSWpdOrqYh,4U7mwOHmTodwFseaOPsvoq
Vince The Messenger,Nowhere 2 Grow,hip-hop/rap,https://vincethemessenger.bandcamp.com/album/nowhere-2-grow,pei,11.0,15,2020-03-20T00:00.000Z,https://i.scdn.co/image/ab67616d00001e0236deca170768b63b2601e5d1,3uzTMH5MVajbpFIXHIsKCB,7wKTJPnPgXQ8ENAlfpM0eA
newagehip,Haunted Delight Ep,alternative,https://newagehip.bandcamp.com/album/haunted-delight-ep,ottawa,10.667,0,2020-04-02T00:00.000Z,https://i.scdn.co/image/ab67616d00001e0244fb1db059336de0f269f09a,2dN2MiRtQfqJlFOKzRtHQa,5nMgiJ4Jg7TKrXnHaXbbG1
Soul Mates,Not Found,punk,https://soulmatesnoise.com/album/not-found,saskatchewan,10.667,0,2020-04-02T00:00.000Z,https://i.scdn.co/image/ab67616d00001e02ab0ae670a5c0b42264de4466,30MWiibu4vasIhH9YKwam6,1w7niT5y6mAChE4connvXq
Pulsecode,Holographic Dreams,electronic,https://pulsecode780.bandcamp.com/album/holographic-dreams,edmonton,10.667,0,2020-04-02T00:00.000Z,https://i.scdn.co/image/ab67616d00001e02fc8ac9fb952407f4e74e1f7b,1U72PWL1rbNtb54h7ZjXXf,3tiUIUtUGAGjIw2JMB6Ay0
FACE FORWARD,One Minute More,punk,https://faceforward.bandcamp.com/album/one-minute-more,edmonton,10.667,0,2020-04-02T00:00.000Z,https://i.scdn.co/image/ab67616d00001e02186a1b1eb3715a3875c5d18e,6Yu9G9gYKSMlixZEe4wxEZ,2RXTjpU1vlU1ODJtMZOcYV
Brent Mason,Fireflies,folk,https://brentmasonmusic.bandcamp.com/album/fireflies,newbrunswick,10.333,5,2020-03-28T00:00.000Z,https://i.scdn.co/image/ab67616d00001e02c0ebb6dd542b2886d1470164,3JRDDKcFhEYjSfrewllYKc,2Gb9x9lptj7955rYJCtsMc
ILL TONE,Up In My Head [EP],hip-hop/rap,https://illtone.bandcamp.com/album/up-in-my-head-ep,vancouver,10.0,0,2020-04-01T00:00.000Z,https://i.scdn.co/image/ab67616d00001e025b6b4f9b1c8ffaf5cbc56063,303SnyAdBf2XBpUmxVHWFV,4WgKtyDoZBK7FGZtp35n7A
vektrx,Inside the Machine,hip-hop/rap,https://vektrx.bandcamp.com/album/inside-the-machine,ottawa,10.0,0,2020-04-01T00:00.000Z,https://i.scdn.co/image/ab67616d00001e02ad86d9d8276340f5aef239e3,5IgOn4PrduNJiHtVG7T49D,527m2SDaANxJwazULi1WD7
The Chillin' Flamingo,Flying Hi,rock,https://thechillinflamingo.bandcamp.com/album/flying-hi-3,ottawa,10.0,0,2020-04-01T00:00.000Z,https://i.scdn.co/image/ab67616d00001e02fec740ed42f012ec77472573,7iqvJKCB7qSohVlge3LD3I,41oj4BCkviJGbYTzqcMwat
Medistate,Goods of the Soul,electronic,https://medistate.bandcamp.com/album/goods-of-the-soul-2,saskatchewan,10.0,0,2020-04-01T00:00.000Z,https://i.scdn.co/image/ab67616d00001e029044ca900b0fef77888fad9f,60K7EC3Y07SZY6cjiWB2km,43QnKmilDthGSOHAOfVQ61
DescendingSilver,Up We Go - EP,electronic,https://descendingsilver.bandcamp.com/album/up-we-go-ep,calgary,10.0,0,2020-04-01T00:00.000Z,https://i.scdn.co/image/ab67616d00001e021f5e663248a4e8aaf1502ed6,6T3BouRuUusGePah2o7TI2,4mRv3uSBqVX9QuDVTAbaTD
Cec Lopez,ANGELES,folk,https://ceclopez.bandcamp.com/album/angeles,manitoba,9.933,1,2020-03-31T00:00.000Z,https://i.scdn.co/image/ab67616d00001e02cce306ccc35eb8e5b634775e,5ArGs2OtPWbaoIpc5BbS4k,0KM4Zed9SrpatnXXJy5T0h
LXVNDR,Warmth,hip-hop/rap,https://lxvndr.bandcamp.com/album/warmth,pei,9.733,4,2020-03-28T00:00.000Z,https://i.scdn.co/image/ab67616d00001e02a54a0e47d731a89ac6d1f749,2zsYHrQKQzm367H12bC2Wu,4eweonZsXBVSxvyFtxbVJk
Troo Knot,Quest Cookies,electronic,https://trooknot.bandcamp.com/album/quest-cookies,calgary,9.667,5,2020-03-27T00:00.000Z,https://i.scdn.co/image/ab67616d00001e02d250e6070acbce5df27cab28,6eZq8pktvGg9yt03VFF2rs,0cOUrAgOTBrT5Z41lAIQBW
Spencer McIntosh,How to Turn Days Into Nights,pop,https://spencermcintosh.bandcamp.com/album/how-to-turn-days-into-nights,calgary,9.333,0,2020-03-31T00:00.000Z,https://i.scdn.co/image/ab67616d00001e02d36a73dc2f7ce1b4f741c8fe,51ZyIQmOrFMoUH1zJtyeCA,7pA0RSZ8gsVO7Q363zufiC
thomwells,The Onus,hip-hop/rap,https://thomwells.bandcamp.com/album/the-onus,ottawa,8.667,0,2020-03-30T00:00.000Z,https://i.scdn.co/image/ab67616d00001e02631193d1662865a90a8453df,6U5ryW3Ej399bjiTmfMQDw,0rUyqqZBmlvcF22Mn2UD9S
Obroa-skai,Split w/ YSIDRO,punk,https://obroa-skai.bandcamp.com/album/split-w-ysidro,edmonton,8.533,2,2020-03-28T00:00.000Z,https://i.scdn.co/image/ab67616d00001e024c0279a576972b0a88c2c81d,7fJuPOVnIWhTbsVJ6r3Cly,05FR0VPDa08LqPin2ahr3H
DJ Dine & Dash,Don't Ever Wonder,electronic,https://ddad.bandcamp.com/album/dont-ever-wonder,calgary,8.467,3,2020-03-27T00:00.000Z,https://i.scdn.co/image/ab67616d00001e02f24d744a89a09a8149ce73d0,7rHkcEFbB5ssGFcM4ueC6U,3OCkNswG8cEl7YkktPCOEY
Dead Friends,Joy.,alternative,https://deadfriendss.bandcamp.com/album/joy,edmonton,8.4,14,2020-03-17T00:00.000Z,https://i.scdn.co/image/ab67616d00001e0258651a895f01cf680e8cb633,47Z4jdHwaJl16Bi71YaN2Z,0FnqudXSSLgWXRR5zRu8je
the smallest one,afterglow (b-sides),alternative,https://the-smallest-one.bandcamp.com/album/afterglow-b-sides,calgary,7.933,11,2020-03-19T00:00.000Z,https://i.scdn.co/image/ab67616d00001e02a78390ed00a86e72a4dc4bba,2yb3rNizL7ivQsxFniypga,0T0AboWIFqjQdSZS6E89pX
Feathers & Anvils,Sunshine,rock,https://feathersanvils.bandcamp.com/album/sunshine,novascotia,7.333,0,2020-03-28T00:00.000Z,https://i.scdn.co/image/ab67616d00001e02717d008fe719102cfceb3f3e,5d87nGcZo6u16uw9j6xF03,4ol7lWLx8gTKVayxMMIg3y
Lake Humour,Blackout in the DAWn,pop,https://lakehumour.bandcamp.com/album/blackout-in-the-dawn,novascotia,6.667,0,2020-03-27T00:00.000Z,https://i.scdn.co/image/ab67616d00001e021747acf7e23cdbb9052a5aa0,6iB7WcMalApp5H5atm0shN,3ajqM091qASF4X3VNfzmyE
narcoskeptic,CHEEKY,experimental,https://roachlungrecordings.bandcamp.com/album/cheeky,novascotia,6.667,0,2020-03-27T00:00.000Z,https://i.scdn.co/image/ab67616d00001e028ccdea8dab6d0dfe3ac55b28,6ujps71DdKQnA24TXNsDnW,71jJ5mwFxla63Z8CvaISUN
Brandon M.C.,Three Cheers For Modern Fears,acoustic,https://brandonmc.bandcamp.com/album/three-cheers-for-modern-fears,newbrunswick,6.667,0,2020-03-27T00:00.000Z,https://i.scdn.co/image/ab67616d00001e020690257487b5499d2798693f,7gqPWPcQsXjIRlpfBLAonE,77Q7IC7rg0RAxhbZv0kLw4
Randy Woods Band,Soul Hammer,pop,https://randywoodsband.bandcamp.com/album/soul-hammer,saskatchewan,6.667,0,2020-03-27T00:00.000Z,https://i.scdn.co/image/ab67616d00001e02883fa1a06d42711a77ead45a,2eCvivzoc7EFCmE1h1ZFSr,0RDFoyY7zxn0gbzmIBudV8
shark bite spite,homemade helicopter,alternative,https://sharkbitespite.bandcamp.com/album/homemade-helicopter,edmonton,6.667,0,2020-03-27T00:00.000Z,https://i.scdn.co/image/ab67616d00001e0239fa72a6d33058aaa4b34f27,1g4lOD6JAxZDeBOFLyV3CB,4m0c9LB8ZzE2F113LNCK8z
Every Light Goes Out,Every Light Goes Out,rock,https://everylightgoesout.bandcamp.com/album/every-light-goes-out,manitoba,6.667,0,2020-03-27T00:00.000Z,https://i.scdn.co/image/ab67616d00001e02241e94a547077c918e89d4a3,61GVs7dLViYxRIXHcUlrl6,3sxcEZW4OaGtobUFEp1wLp
Organ Eyes,Paintings in Concrete,rock,https://organeyes.bandcamp.com/album/paintings-in-concrete,ottawa,6.6,1,2020-03-26T00:00.000Z,https://i.scdn.co/image/ab67616d00001e027c064851950efd40cf7a45e8,5BqfpnKdrhzPFUOVLuNVGg,4JxAJWLw0DIhHdWRrBXmU3
DenMother,Then Now Forever,electronic,https://denmother.bandcamp.com/album/then-now-forever,newbrunswick,6.6,1,2020-03-26T00:00.000Z,https://i.scdn.co/image/ab67616d00001e02da31b129123b2abbb4c8e50b,27oVOjFjBWwO1exVyTL4xQ,6BX8n3St3YM0Gr8e0vG6v1
Drunken Angels!,The Stories We Create,rock,https://drunkenangels.bandcamp.com/album/the-stories-we-create,newfoundland,6.0,0,2020-03-26T00:00.000Z,https://i.scdn.co/image/ab67616d00001e021688ab505f8050b278f97b0b,2Zk1A0VlTxRAi4Z7J2mb9s,4toJnU3UCoH7M24aPiwtRh
Dean Baltesson,Acoustic Ground,rock,https://deanbaltesson.bandcamp.com/album/acoustic-ground,victoria,5.333,0,2020-03-25T00:00.000Z,https://i.scdn.co/image/ab67616d00001e025996c9ad247e533d515a87b1,5eqCI3lRI4SsgYXLwvVHH7,4ua5oQNGkDZ71E275znft3
Levi Edward,Twilight / In The Morning,folk,https://leviedward.bandcamp.com/album/twilight-in-the-morning,manitoba,5.333,0,2020-03-25T00:00.000Z,https://i.scdn.co/image/ab67616d00001e0217431713f58d4b4f561dccd2,176DRVBJcWYBSK1zmvrvP2,4RRBlpVj9i9nsNgCYn33f7
Liam Corcoran,Giving Tree and Other Songs,alternative,https://liamcorcoran1.bandcamp.com/album/giving-tree-and-other-songs,pei,5.0,5,2020-03-20T00:00.000Z,https://i.scdn.co/image/ab67616d00001e027f9d7914ee65ba4cdd53bbc7,3NhdDLyPorN1uX6dBd2Bbq,0zlEVpTGDVqx453JLiuA3d
Jonathan Sonier,Bateau de verre d'eau,folk,https://jonathansonier.bandcamp.com/album/bateau-de-verre-deau,newbrunswick,4.667,0,2020-03-24T00:00.000Z,https://i.scdn.co/image/ab67616d00001e022829d2f5d9fc6c292337cc5a,5zgIAPswvztxza8sAkBPgo,5xbimXzWvRMVSrguUCHCnd
HAAGS,Not,punk,https://haags.bandcamp.com/album/not,edmonton,4.667,0,2020-03-24T00:00.000Z,https://i.scdn.co/image/ab67616d00001e025c167fba15e972a0d971f385,4CXQ11qY3zk6RTDgtjAUqk,4gEvuqcoyimVwdt5PrNS19
Bright Boy,RCO,alternative,https://suchabrightboy.bandcamp.com/album/rco,victoria,4.6,1,2020-03-23T00:00.000Z,https://i.scdn.co/image/ab67616d00001e02130857b65d49f5b2d83a83e1,5K5gXfaXwhXHTmSJfCnqDZ,23mq8qhfeWH78n9xH357uF
DT Surgeon,Exercise In Changing Key,alternative,https://dtsurgeon.bandcamp.com/album/exercise-in-changing-key,newfoundland,3.333,0,2020-03-22T00:00.000Z,https://i.scdn.co/image/ab67616d00001e027b36694882c08108564425f0,0ssY9ytJwesZZbLkOM0qfc,4dh5EybMAgN43xfovidrKO
metroGradient,Undercity Nights,experimental,https://newmotion.ca/album/undercity-nights,victoria,3.333,0,2020-03-22T00:00.000Z,https://i.scdn.co/image/ab67616d00001e02ae1ddf0bea1e12e2e4b6e24a,5BkdpTcvE5Ht1zF8qBeb8e,11KHLZppi2o4zqfJzR4m4t
Oxykitten,Attack of the Koala People,electronic,https://oxykitten.bandcamp.com/album/attack-of-the-koala-people,toronto,3.267,1,2020-03-21T00:00.000Z,https://i.scdn.co/image/ab67616d00001e02288f9dfcfbd5722fb9224615,7ycHR7L06PuVfuP6kpEH4w,6tSTBObVBSHlIBxULaiYJe
Laizlo,2dAY,hip-hop/rap,https://laizlo.bandcamp.com/album/2day,victoria,3.2,2,2020-03-20T00:00.000Z,https://i.scdn.co/image/ab67616d00001e020850a8ff32e7199fff699000,5fm59HCHLkQWHkcTb4aAKd,3JsamKHRfNwDcIAZRz1y2g
Laizlo,2MOrrow,hip-hop/rap,https://laizlo.bandcamp.com/album/2morrow,victoria,3.2,2,2020-03-20T00:00.000Z,https://i.scdn.co/image/ab67616d00001e022d7d6fadb8120c0b8237e35f,7lZmpvpoVk9jAgjee2yQWA,3JsamKHRfNwDcIAZRz1y2g
Guy Leroux,Time's Up,country,https://guyleroux.bandcamp.com/album/times-up,ottawa,2.667,0,2020-03-21T00:00.000Z,https://i.scdn.co/image/ab67616d00001e02675782fd9bfed6a17e206408,4keVgkNVPndnnV8iNDs0ak,1C8iDxnXshNVbr90JssO9u
lawrence teeth,soft cure (demos),alternative,https://lawrenceteeth.bandcamp.com/album/soft-cure-demos,calgary,2.667,0,2020-03-21T00:00.000Z,https://i.scdn.co/image/ab67616d00001e0280b6e46613bccacca9796759,63IxOvnnlkr9ChAPyKISI8,2c9N7UZlQAnzxsEsDTEBIQ
Lithe & Free,Ghost,pop,https://lithexfree.bandcamp.com/album/ghost,toronto,2.6,1,2020-03-20T00:00.000Z,https://i.scdn.co/image/ab67616d00001e024e0e14df99245e024d8ba296,4EWKG2x50bNbfOdR75VXg4,6i4oPVqzyoZIiyL0dEIkEg
The Nico Tobias Band,'Berta Badland Buffalo Boy Band,rock,https://nicotobias.bandcamp.com/album/berta-badland-buffalo-boy-band,edmonton,2.6,1,2020-03-20T00:00.000Z,https://i.scdn.co/image/ab67616d00001e02bd33cc500bcc0ddceabc4e25,018Jj82ZOAKRHB4wiezPLJ,2Vfir5K9BpxIsgmzYJ4gnA
Scott Jones,2012-2020 (Vol.3),electronic,https://scottjones.bandcamp.com/album/2012-2020-vol-3,victoria,2.0,0,2020-03-20T00:00.000Z,https://i.scdn.co/image/ab67616d00001e02f5b414137fb6f3cee0ba992b,5DaH6dLsYvZhVT93ZDgrjb,0GwpV15IiYphjYNIUBAaS4
Tuxedos,Directions,alternative,https://tuxedos.bandcamp.com/album/directions,calgary,2.0,0,2020-03-20T00:00.000Z,https://i.scdn.co/image/ab67616d00001e02151a51f3428aacee7529c7b2,6zZ0x2svwrTcbWyptenDLH,5iWttLfTThLN0ouqBZ5r3B
Cotetco,"Back There, Back Then",electronic,https://cotetco.bandcamp.com/album/back-there-back-then,britishcolumbia,2.0,0,2020-03-20T00:00.000Z,https://i.scdn.co/image/ab67616d00001e02dfaa174d67b5beb5ec2de8c7,3BHy73LcN4t04dKJtCTYzA,1K4IopbRzLSkfWGPs4oLJd
Feels,Places In Memory,electronic,https://feels.bandcamp.com/album/places-in-memory,novascotia,1.333,0,2020-03-19T00:00.000Z,https://i.scdn.co/image/ab67616d00001e02237d821a660fd37449b6d7f9,4saT1O54NbEppiVQsj1Qlm,1IuHK0Lxb4x9vao5K1UPwP
JUICEBOX,Wasted Youth B-Sides,pop,https://juiceboxishere.bandcamp.com/album/wasted-youth-b-sides,novascotia,1.267,1,2020-03-18T00:00.000Z,https://i.scdn.co/image/ab67616d00001e024060cb7c6a869bc9fc524b8e,0IplRTILrxKJi6r4Obg3Hy,4TR82E4801uuUqd4GdmHDi
Apollo Spitfire,INVASION,rock,https://apollospitfire.bandcamp.com/album/invasion,edmonton,1.267,1,2020-03-18T00:00.000Z,https://i.scdn.co/image/ab67616d00001e02cc629cd421a9912973612082,6l2TVOfYFi3zP2FoVBfV1D,2dbGblOTQFR6K3PzQukmjC
Far Away Light,Weather Worn,folk,https://farawaylight.bandcamp.com/album/weather-worn,newfoundland,0.667,0,2020-03-18T00:00.000Z,https://i.scdn.co/image/ab67616d00001e02d39d683136552b5c69bd5c18,3jFuesfQXBYHPTHHlz78rv,3bXJvSTx5Amh3KgNHy6hMW
Zen Buss,Ordinary,blues,https://zenbuss.bandcamp.com/album/ordinary,calgary,0.6,1,2020-03-17T00:00.000Z,https://i.scdn.co/image/ab67616d00001e025c972f0477a96983987e820e,6Xrf7SVSAwXO8Fe5p2mdw2,0DCyPq4cRPsB6Pahj3udUS
